w1_num,w1_cpu,w1_mem,w2_num,w2_cpu,w2_mem,w3_num,w3_cpu,w3_mem,w4_num,w4_cpu,w4_mem,time,nr_query_cols,nr_query_conds,nr_data_cols,nr_data_rows,nr_users
1,5,4,0,3,3,0,1,2,0,1,2,19.271017338,2,1,2500,1000002,1
2,5,4,0,3,3,0,1,2,0,1,2,19.990195166,2,1,2500,1000002,1
3,5,4,0,3,3,0,1,2,0,1,2,21.271956343,2,1,2500,1000002,1
1,6,4,0,3,3,0,1,2,0,1,2,18.314921312,2,1,2500,1000002,1
2,6,4,0,3,3,0,1,2,0,1,2,21.248922293,2,1,2500,1000002,1
3,6,4,0,3,3,0,1,2,0,1,2,24.872552881,2,1,2500,1000002,1
0,5,4,1,3,3,0,1,2,0,1,2,19.947083482,2,1,2500,1000002,1
1,5,4,1,3,3,0,1,2,0,1,2,19.033586733,2,1,2500,1000002,1
2,5,4,1,3,3,0,1,2,0,1,2,20.985999747,2,1,2500,1000002,1
3,5,4,1,3,3,0,1,2,0,1,2,23.35833032,2,1,2500,1000002,1
0,6,4,1,3,3,0,1,2,0,1,2,20.980970909,2,1,2500,1000002,1
1,6,4,1,3,3,0,1,2,0,1,2,23.238355357,2,1,2500,1000002,1
2,6,4,1,3,3,0,1,2,0,1,2,23.808251799,2,1,2500,1000002,1
3,6,4,1,3,3,0,1,2,0,1,2,20.804283448,2,1,2500,1000002,1
0,5,4,2,3,3,0,1,2,0,1,2,23.51493828,2,1,2500,1000002,1
1,5,4,2,3,3,0,1,2,0,1,2,23.553116293,2,1,2500,1000002,1
2,5,4,2,3,3,0,1,2,0,1,2,22.355143038,2,1,2500,1000002,1
3,5,4,2,3,3,0,1,2,0,1,2,22.17530531,2,1,2500,1000002,1
0,6,4,2,3,3,0,1,2,0,1,2,22.74429972,2,1,2500,1000002,1
1,6,4,2,3,3,0,1,2,0,1,2,23.016141136,2,1,2500,1000002,1
2,6,4,2,3,3,0,1,2,0,1,2,22.581135573,2,1,2500,1000002,1
3,6,4,2,3,3,0,1,2,0,1,2,24.937356217,2,1,2500,1000002,1
0,5,4,3,3,3,0,1,2,0,1,2,25.273518663,2,1,2500,1000002,1
1,5,4,3,3,3,0,1,2,0,1,2,23.108194917,2,1,2500,1000002,1
2,5,4,3,3,3,0,1,2,0,1,2,24.774794792,2,1,2500,1000002,1
3,5,4,3,3,3,0,1,2,0,1,2,23.45450609,2,1,2500,1000002,1
0,6,4,3,3,3,0,1,2,0,1,2,22.378906834,2,1,2500,1000002,1
1,6,4,3,3,3,0,1,2,0,1,2,23.263527691,2,1,2500,1000002,1
2,6,4,3,3,3,0,1,2,0,1,2,24.317859672,2,1,2500,1000002,1
3,6,4,3,3,3,0,1,2,0,1,2,24.721474036,2,1,2500,1000002,1
1,5,4,0,4,3,0,1,2,0,1,2,19.597073861,2,1,2500,1000002,1
2,5,4,0,4,3,0,1,2,0,1,2,22.7767807,2,1,2500,1000002,1
3,5,4,0,4,3,0,1,2,0,1,2,21.878806157,2,1,2500,1000002,1
1,6,4,0,4,3,0,1,2,0,1,2,18.838662108,2,1,2500,1000002,1
2,6,4,0,4,3,0,1,2,0,1,2,22.308974161,2,1,2500,1000002,1
3,6,4,0,4,3,0,1,2,0,1,2,21.30034595,2,1,2500,1000002,1
0,5,4,1,4,3,0,1,2,0,1,2,19.892444764,2,1,2500,1000002,1
1,5,4,1,4,3,0,1,2,0,1,2,19.55262561,2,1,2500,1000002,1
2,5,4,1,4,3,0,1,2,0,1,2,22.159319158,2,1,2500,1000002,1
3,5,4,1,4,3,0,1,2,0,1,2,22.345993388,2,1,2500,1000002,1
0,6,4,1,4,3,0,1,2,0,1,2,19.719884645,2,1,2500,1000002,1
1,6,4,1,4,3,0,1,2,0,1,2,20.286278232,2,1,2500,1000002,1
2,6,4,1,4,3,0,1,2,0,1,2,21.149518852,2,1,2500,1000002,1
3,6,4,1,4,3,0,1,2,0,1,2,23.043473629,2,1,2500,1000002,1
0,5,4,2,4,3,0,1,2,0,1,2,22.608991622,2,1,2500,1000002,1
1,5,4,2,4,3,0,1,2,0,1,2,23.515611434,2,1,2500,1000002,1
2,5,4,2,4,3,0,1,2,0,1,2,21.06522183,2,1,2500,1000002,1
3,5,4,2,4,3,0,1,2,0,1,2,23.487031639,2,1,2500,1000002,1
0,6,4,2,4,3,0,1,2,0,1,2,17.71877942,2,1,2500,1000002,1
1,6,4,2,4,3,0,1,2,0,1,2,21.240071987,2,1,2500,1000002,1
2,6,4,2,4,3,0,1,2,0,1,2,22.222275497,2,1,2500,1000002,1
3,6,4,2,4,3,0,1,2,0,1,2,21.388598563,2,1,2500,1000002,1
0,5,4,3,4,3,0,1,2,0,1,2,21.016903924,2,1,2500,1000002,1
1,5,4,3,4,3,0,1,2,0,1,2,21.648864685,2,1,2500,1000002,1
2,5,4,3,4,3,0,1,2,0,1,2,20.917494939,2,1,2500,1000002,1
3,5,4,3,4,3,0,1,2,0,1,2,24.523329748,2,1,2500,1000002,1
0,6,4,3,4,3,0,1,2,0,1,2,22.197730067,2,1,2500,1000002,1
1,6,4,3,4,3,0,1,2,0,1,2,22.267068708,2,1,2500,1000002,1
2,6,4,3,4,3,0,1,2,0,1,2,24.849972565,2,1,2500,1000002,1
3,6,4,3,4,3,0,1,2,0,1,2,22.898445946,2,1,2500,1000002,1
0,5,4,0,3,3,1,1,2,0,1,2,50.260321057,2,1,2500,1000002,1
1,5,4,0,3,3,1,1,2,0,1,2,97.199251934,2,1,2500,1000002,1
2,5,4,0,3,3,1,1,2,0,1,2,53.777462203,2,1,2500,1000002,1
3,5,4,0,3,3,1,1,2,0,1,2,60.581015364,2,1,2500,1000002,1
0,6,4,0,3,3,1,1,2,0,1,2,55.867014694,2,1,2500,1000002,1
1,6,4,0,3,3,1,1,2,0,1,2,50.77538002,2,1,2500,1000002,1
2,6,4,0,3,3,1,1,2,0,1,2,38.694180466,2,1,2500,1000002,1
3,6,4,0,3,3,1,1,2,0,1,2,45.890381068,2,1,2500,1000002,1
0,5,4,1,3,3,1,1,2,0,1,2,63.130159013,2,1,2500,1000002,1
1,5,4,1,3,3,1,1,2,0,1,2,39.088214975,2,1,2500,1000002,1
2,5,4,1,3,3,1,1,2,0,1,2,39.615787691,2,1,2500,1000002,1
3,5,4,1,3,3,1,1,2,0,1,2,51.474145059,2,1,2500,1000002,1
0,6,4,1,3,3,1,1,2,0,1,2,58.912006847,2,1,2500,1000002,1
1,6,4,1,3,3,1,1,2,0,1,2,38.525541074,2,1,2500,1000002,1
2,6,4,1,3,3,1,1,2,0,1,2,38.908508788,2,1,2500,1000002,1
3,6,4,1,3,3,1,1,2,0,1,2,62.608407298,2,1,2500,1000002,1
0,5,4,2,3,3,1,1,2,0,1,2,66.763996361,2,1,2500,1000002,1
1,5,4,2,3,3,1,1,2,0,1,2,63.223708253,2,1,2500,1000002,1
2,5,4,2,3,3,1,1,2,0,1,2,40.883499699,2,1,2500,1000002,1
3,5,4,2,3,3,1,1,2,0,1,2,46.91492226,2,1,2500,1000002,1
0,6,4,2,3,3,1,1,2,0,1,2,36.289624571,2,1,2500,1000002,1
1,6,4,2,3,3,1,1,2,0,1,2,56.679913995,2,1,2500,1000002,1
2,6,4,2,3,3,1,1,2,0,1,2,59.152741615,2,1,2500,1000002,1
3,6,4,2,3,3,1,1,2,0,1,2,54.948239989,2,1,2500,1000002,1
0,5,4,3,3,3,1,1,2,0,1,2,69.186855123,2,1,2500,1000002,1
1,5,4,3,3,3,1,1,2,0,1,2,52.480098963,2,1,2500,1000002,1
2,5,4,3,3,3,1,1,2,0,1,2,38.475212663,2,1,2500,1000002,1
3,5,4,3,3,3,1,1,2,0,1,2,32.273618908,2,1,2500,1000002,1
0,6,4,3,3,3,1,1,2,0,1,2,35.094870051,2,1,2500,1000002,1
1,6,4,3,3,3,1,1,2,0,1,2,31.756520684,2,1,2500,1000002,1
2,6,4,3,3,3,1,1,2,0,1,2,50.578185481,2,1,2500,1000002,1
3,6,4,3,3,3,1,1,2,0,1,2,46.526631892,2,1,2500,1000002,1
0,5,4,0,4,3,1,1,2,0,1,2,74.701495937,2,1,2500,1000002,1
1,5,4,0,4,3,1,1,2,0,1,2,60.855264364,2,1,2500,1000002,1
2,5,4,0,4,3,1,1,2,0,1,2,52.442458971,2,1,2500,1000002,1
3,5,4,0,4,3,1,1,2,0,1,2,48.760622629,2,1,2500,1000002,1
0,6,4,0,4,3,1,1,2,0,1,2,48.098540104,2,1,2500,1000002,1
1,6,4,0,4,3,1,1,2,0,1,2,49.704776133,2,1,2500,1000002,1
2,6,4,0,4,3,1,1,2,0,1,2,53.933048536,2,1,2500,1000002,1
3,6,4,0,4,3,1,1,2,0,1,2,50.994900999,2,1,2500,1000002,1
0,5,4,1,4,3,1,1,2,0,1,2,45.32813663,2,1,2500,1000002,1
1,5,4,1,4,3,1,1,2,0,1,2,52.7402179,2,1,2500,1000002,1
2,5,4,1,4,3,1,1,2,0,1,2,41.562138025,2,1,2500,1000002,1
3,5,4,1,4,3,1,1,2,0,1,2,69.521036467,2,1,2500,1000002,1
0,6,4,1,4,3,1,1,2,0,1,2,46.885694396,2,1,2500,1000002,1
1,6,4,1,4,3,1,1,2,0,1,2,34.31659618,2,1,2500,1000002,1
2,6,4,1,4,3,1,1,2,0,1,2,35.708653663,2,1,2500,1000002,1
3,6,4,1,4,3,1,1,2,0,1,2,32.477467451,2,1,2500,1000002,1
0,5,4,2,4,3,1,1,2,0,1,2,67.172563023,2,1,2500,1000002,1
1,5,4,2,4,3,1,1,2,0,1,2,70.385278617,2,1,2500,1000002,1
2,5,4,2,4,3,1,1,2,0,1,2,45.217812772,2,1,2500,1000002,1
3,5,4,2,4,3,1,1,2,0,1,2,39.296601132,2,1,2500,1000002,1
0,6,4,2,4,3,1,1,2,0,1,2,49.865641798,2,1,2500,1000002,1
1,6,4,2,4,3,1,1,2,0,1,2,55.780401389,2,1,2500,1000002,1
2,6,4,2,4,3,1,1,2,0,1,2,38.602177442,2,1,2500,1000002,1
3,6,4,2,4,3,1,1,2,0,1,2,38.485822611,2,1,2500,1000002,1
0,5,4,3,4,3,1,1,2,0,1,2,30.86904132,2,1,2500,1000002,1
1,5,4,3,4,3,1,1,2,0,1,2,45.757149737,2,1,2500,1000002,1
2,5,4,3,4,3,1,1,2,0,1,2,43.653126599,2,1,2500,1000002,1
3,5,4,3,4,3,1,1,2,0,1,2,47.250038524,2,1,2500,1000002,1
0,6,4,3,4,3,1,1,2,0,1,2,36.646617475,2,1,2500,1000002,1
1,6,4,3,4,3,1,1,2,0,1,2,55.541512825,2,1,2500,1000002,1
2,6,4,3,4,3,1,1,2,0,1,2,41.137916244,2,1,2500,1000002,1
3,6,4,3,4,3,1,1,2,0,1,2,50.642577072,2,1,2500,1000002,1
0,5,4,0,3,3,2,1,2,0,1,2,66.026710156,2,1,2500,1000002,1
1,5,4,0,3,3,2,1,2,0,1,2,29.26289417,2,1,2500,1000002,1
2,5,4,0,3,3,2,1,2,0,1,2,31.291364607,2,1,2500,1000002,1
3,5,4,0,3,3,2,1,2,0,1,2,38.076296929,2,1,2500,1000002,1
0,6,4,0,3,3,2,1,2,0,1,2,50.640919741,2,1,2500,1000002,1
1,6,4,0,3,3,2,1,2,0,1,2,68.733079704,2,1,2500,1000002,1
2,6,4,0,3,3,2,1,2,0,1,2,69.226224761,2,1,2500,1000002,1
3,6,4,0,3,3,2,1,2,0,1,2,34.420970956,2,1,2500,1000002,1
0,5,4,1,3,3,2,1,2,0,1,2,54.463746608,2,1,2500,1000002,1
1,5,4,1,3,3,2,1,2,0,1,2,66.778171389,2,1,2500,1000002,1
2,5,4,1,3,3,2,1,2,0,1,2,41.251517298,2,1,2500,1000002,1
3,5,4,1,3,3,2,1,2,0,1,2,58.031518269,2,1,2500,1000002,1
0,6,4,1,3,3,2,1,2,0,1,2,57.417727628,2,1,2500,1000002,1
1,6,4,1,3,3,2,1,2,0,1,2,40.596490087,2,1,2500,1000002,1
2,6,4,1,3,3,2,1,2,0,1,2,30.223244829,2,1,2500,1000002,1
3,6,4,1,3,3,2,1,2,0,1,2,44.290720441,2,1,2500,1000002,1
0,5,4,2,3,3,2,1,2,0,1,2,40.907671647,2,1,2500,1000002,1
1,5,4,2,3,3,2,1,2,0,1,2,61.92611307,2,1,2500,1000002,1
2,5,4,2,3,3,2,1,2,0,1,2,32.718353679,2,1,2500,1000002,1
3,5,4,2,3,3,2,1,2,0,1,2,53.961451997,2,1,2500,1000002,1
0,6,4,2,3,3,2,1,2,0,1,2,31.278052033,2,1,2500,1000002,1
1,6,4,2,3,3,2,1,2,0,1,2,32.383761668,2,1,2500,1000002,1
2,6,4,2,3,3,2,1,2,0,1,2,58.711673263,2,1,2500,1000002,1
3,6,4,2,3,3,2,1,2,0,1,2,39.514439279,2,1,2500,1000002,1
0,5,4,3,3,3,2,1,2,0,1,2,47.749657741,2,1,2500,1000002,1
1,5,4,3,3,3,2,1,2,0,1,2,38.759469649,2,1,2500,1000002,1
2,5,4,3,3,3,2,1,2,0,1,2,48.468380192,2,1,2500,1000002,1
3,5,4,3,3,3,2,1,2,0,1,2,36.391177033,2,1,2500,1000002,1
0,6,4,3,3,3,2,1,2,0,1,2,29.938285459,2,1,2500,1000002,1
1,6,4,3,3,3,2,1,2,0,1,2,28.732720844,2,1,2500,1000002,1
2,6,4,3,3,3,2,1,2,0,1,2,39.327607263,2,1,2500,1000002,1
3,6,4,3,3,3,2,1,2,0,1,2,29.706856625,2,1,2500,1000002,1
0,5,4,0,4,3,2,1,2,0,1,2,72.013185803,2,1,2500,1000002,1
1,5,4,0,4,3,2,1,2,0,1,2,75.233264254,2,1,2500,1000002,1
2,5,4,0,4,3,2,1,2,0,1,2,49.496436041,2,1,2500,1000002,1
3,5,4,0,4,3,2,1,2,0,1,2,40.450260736,2,1,2500,1000002,1
0,6,4,0,4,3,2,1,2,0,1,2,87.010517696,2,1,2500,1000002,1
1,6,4,0,4,3,2,1,2,0,1,2,53.246594729,2,1,2500,1000002,1
2,6,4,0,4,3,2,1,2,0,1,2,39.924105823,2,1,2500,1000002,1
3,6,4,0,4,3,2,1,2,0,1,2,48.982403584,2,1,2500,1000002,1
0,5,4,1,4,3,2,1,2,0,1,2,53.212975522,2,1,2500,1000002,1
1,5,4,1,4,3,2,1,2,0,1,2,67.679751824,2,1,2500,1000002,1
2,5,4,1,4,3,2,1,2,0,1,2,43.788000646,2,1,2500,1000002,1
3,5,4,1,4,3,2,1,2,0,1,2,44.062576777,2,1,2500,1000002,1
0,6,4,1,4,3,2,1,2,0,1,2,54.069076222,2,1,2500,1000002,1
1,6,4,1,4,3,2,1,2,0,1,2,58.285586725,2,1,2500,1000002,1
2,6,4,1,4,3,2,1,2,0,1,2,54.730262067,2,1,2500,1000002,1
3,6,4,1,4,3,2,1,2,0,1,2,31.962517363,2,1,2500,1000002,1
0,5,4,2,4,3,2,1,2,0,1,2,71.129338852,2,1,2500,1000002,1
1,5,4,2,4,3,2,1,2,0,1,2,45.269440131,2,1,2500,1000002,1
2,5,4,2,4,3,2,1,2,0,1,2,49.886654582,2,1,2500,1000002,1
3,5,4,2,4,3,2,1,2,0,1,2,35.675489108,2,1,2500,1000002,1
0,6,4,2,4,3,2,1,2,0,1,2,38.471504923,2,1,2500,1000002,1
1,6,4,2,4,3,2,1,2,0,1,2,47.587572155,2,1,2500,1000002,1
2,6,4,2,4,3,2,1,2,0,1,2,49.178919928,2,1,2500,1000002,1
3,6,4,2,4,3,2,1,2,0,1,2,49.905294295,2,1,2500,1000002,1
0,5,4,3,4,3,2,1,2,0,1,2,46.925020146,2,1,2500,1000002,1
1,5,4,3,4,3,2,1,2,0,1,2,50.10738371,2,1,2500,1000002,1
2,5,4,3,4,3,2,1,2,0,1,2,35.109441778,2,1,2500,1000002,1
3,5,4,3,4,3,2,1,2,0,1,2,40.888978701,2,1,2500,1000002,1
0,6,4,3,4,3,2,1,2,0,1,2,52.417003118,2,1,2500,1000002,1
1,6,4,3,4,3,2,1,2,0,1,2,50.834943748,2,1,2500,1000002,1
2,6,4,3,4,3,2,1,2,0,1,2,36.990800417,2,1,2500,1000002,1
3,6,4,3,4,3,2,1,2,0,1,2,46.746072127,2,1,2500,1000002,1
0,5,4,0,3,3,3,1,2,0,1,2,57.922689765,2,1,2500,1000002,1
1,5,4,0,3,3,3,1,2,0,1,2,32.043882155,2,1,2500,1000002,1
2,5,4,0,3,3,3,1,2,0,1,2,61.963209173,2,1,2500,1000002,1
3,5,4,0,3,3,3,1,2,0,1,2,37.568053231,2,1,2500,1000002,1
0,6,4,0,3,3,3,1,2,0,1,2,46.974614996,2,1,2500,1000002,1
1,6,4,0,3,3,3,1,2,0,1,2,69.773197724,2,1,2500,1000002,1
2,6,4,0,3,3,3,1,2,0,1,2,51.983351862,2,1,2500,1000002,1
3,6,4,0,3,3,3,1,2,0,1,2,42.357638857,2,1,2500,1000002,1
0,5,4,1,3,3,3,1,2,0,1,2,67.017861685,2,1,2500,1000002,1
1,5,4,1,3,3,3,1,2,0,1,2,56.855383971,2,1,2500,1000002,1
2,5,4,1,3,3,3,1,2,0,1,2,61.4435921,2,1,2500,1000002,1
3,5,4,1,3,3,3,1,2,0,1,2,44.153570148,2,1,2500,1000002,1
0,6,4,1,3,3,3,1,2,0,1,2,45.882485559,2,1,2500,1000002,1
1,6,4,1,3,3,3,1,2,0,1,2,51.398447333,2,1,2500,1000002,1
2,6,4,1,3,3,3,1,2,0,1,2,46.828322765,2,1,2500,1000002,1
3,6,4,1,3,3,3,1,2,0,1,2,37.594099327,2,1,2500,1000002,1
0,5,4,2,3,3,3,1,2,0,1,2,58.554822167,2,1,2500,1000002,1
1,5,4,2,3,3,3,1,2,0,1,2,36.807875968,2,1,2500,1000002,1
2,5,4,2,3,3,3,1,2,0,1,2,41.138980854,2,1,2500,1000002,1
3,5,4,2,3,3,3,1,2,0,1,2,48.217521099,2,1,2500,1000002,1
0,6,4,2,3,3,3,1,2,0,1,2,61.954239808,2,1,2500,1000002,1
1,6,4,2,3,3,3,1,2,0,1,2,54.497352176,2,1,2500,1000002,1
2,6,4,2,3,3,3,1,2,0,1,2,70.083204715,2,1,2500,1000002,1
3,6,4,2,3,3,3,1,2,0,1,2,41.420233765,2,1,2500,1000002,1
0,5,4,3,3,3,3,1,2,0,1,2,52.731845698,2,1,2500,1000002,1
1,5,4,3,3,3,3,1,2,0,1,2,61.40780832,2,1,2500,1000002,1
2,5,4,3,3,3,3,1,2,0,1,2,57.460336868,2,1,2500,1000002,1
3,5,4,3,3,3,3,1,2,0,1,2,45.631813357,2,1,2500,1000002,1
0,6,4,3,3,3,3,1,2,0,1,2,37.262784576,2,1,2500,1000002,1
1,6,4,3,3,3,3,1,2,0,1,2,39.189432466,2,1,2500,1000002,1
2,6,4,3,3,3,3,1,2,0,1,2,52.28084053,2,1,2500,1000002,1
3,6,4,3,3,3,3,1,2,0,1,2,44.83414482,2,1,2500,1000002,1
0,5,4,0,4,3,3,1,2,0,1,2,83.194861424,2,1,2500,1000002,1
1,5,4,0,4,3,3,1,2,0,1,2,50.345387333,2,1,2500,1000002,1
2,5,4,0,4,3,3,1,2,0,1,2,77.967237411,2,1,2500,1000002,1
3,5,4,0,4,3,3,1,2,0,1,2,45.821859669,2,1,2500,1000002,1
0,6,4,0,4,3,3,1,2,0,1,2,89.435159918,2,1,2500,1000002,1
1,6,4,0,4,3,3,1,2,0,1,2,52.794278103,2,1,2500,1000002,1
2,6,4,0,4,3,3,1,2,0,1,2,36.534277459,2,1,2500,1000002,1
3,6,4,0,4,3,3,1,2,0,1,2,48.529414639,2,1,2500,1000002,1
0,5,4,1,4,3,3,1,2,0,1,2,60.170771921,2,1,2500,1000002,1
1,5,4,1,4,3,3,1,2,0,1,2,60.96871046,2,1,2500,1000002,1
2,5,4,1,4,3,3,1,2,0,1,2,40.959775905,2,1,2500,1000002,1
3,5,4,1,4,3,3,1,2,0,1,2,49.509873949,2,1,2500,1000002,1
0,6,4,1,4,3,3,1,2,0,1,2,49.821915652,2,1,2500,1000002,1
1,6,4,1,4,3,3,1,2,0,1,2,40.167795347,2,1,2500,1000002,1
2,6,4,1,4,3,3,1,2,0,1,2,48.871429176,2,1,2500,1000002,1
3,6,4,1,4,3,3,1,2,0,1,2,42.181843375,2,1,2500,1000002,1
0,5,4,2,4,3,3,1,2,0,1,2,40.020134777,2,1,2500,1000002,1
1,5,4,2,4,3,3,1,2,0,1,2,34.321796774,2,1,2500,1000002,1
2,5,4,2,4,3,3,1,2,0,1,2,38.274556196,2,1,2500,1000002,1
3,5,4,2,4,3,3,1,2,0,1,2,65.264077769,2,1,2500,1000002,1
0,6,4,2,4,3,3,1,2,0,1,2,46.785708819,2,1,2500,1000002,1
1,6,4,2,4,3,3,1,2,0,1,2,37.046118838,2,1,2500,1000002,1
2,6,4,2,4,3,3,1,2,0,1,2,36.789859322,2,1,2500,1000002,1
3,6,4,2,4,3,3,1,2,0,1,2,39.474026816,2,1,2500,1000002,1
0,5,4,3,4,3,3,1,2,0,1,2,30.353531297,2,1,2500,1000002,1
1,5,4,3,4,3,3,1,2,0,1,2,55.01499543,2,1,2500,1000002,1
2,5,4,3,4,3,3,1,2,0,1,2,33.253362907,2,1,2500,1000002,1
3,5,4,3,4,3,3,1,2,0,1,2,44.937249433,2,1,2500,1000002,1
0,6,4,3,4,3,3,1,2,0,1,2,73.692343433,2,1,2500,1000002,1
1,6,4,3,4,3,3,1,2,0,1,2,44.952947957,2,1,2500,1000002,1
2,6,4,3,4,3,3,1,2,0,1,2,61.276795187,2,1,2500,1000002,1
3,6,4,3,4,3,3,1,2,0,1,2,36.531259306,2,1,2500,1000002,1
1,5,4,0,3,3,0,2,2,0,1,2,19.428368463,2,1,2500,1000002,1
2,5,4,0,3,3,0,2,2,0,1,2,22.290654679,2,1,2500,1000002,1
3,5,4,0,3,3,0,2,2,0,1,2,22.421628671,2,1,2500,1000002,1
1,6,4,0,3,3,0,2,2,0,1,2,20.264865973,2,1,2500,1000002,1
2,6,4,0,3,3,0,2,2,0,1,2,23.081226577,2,1,2500,1000002,1
3,6,4,0,3,3,0,2,2,0,1,2,21.626035119,2,1,2500,1000002,1
0,5,4,1,3,3,0,2,2,0,1,2,19.373458992,2,1,2500,1000002,1
1,5,4,1,3,3,0,2,2,0,1,2,21.932316704,2,1,2500,1000002,1
2,5,4,1,3,3,0,2,2,0,1,2,22.14274251,2,1,2500,1000002,1
3,5,4,1,3,3,0,2,2,0,1,2,24.278365646,2,1,2500,1000002,1
0,6,4,1,3,3,0,2,2,0,1,2,19.845361629,2,1,2500,1000002,1
1,6,4,1,3,3,0,2,2,0,1,2,21.50422516,2,1,2500,1000002,1
2,6,4,1,3,3,0,2,2,0,1,2,24.286439367,2,1,2500,1000002,1
3,6,4,1,3,3,0,2,2,0,1,2,24.374845669,2,1,2500,1000002,1
0,5,4,2,3,3,0,2,2,0,1,2,22.224105457,2,1,2500,1000002,1
1,5,4,2,3,3,0,2,2,0,1,2,19.851195016,2,1,2500,1000002,1
2,5,4,2,3,3,0,2,2,0,1,2,23.289908121,2,1,2500,1000002,1
3,5,4,2,3,3,0,2,2,0,1,2,22.929609106,2,1,2500,1000002,1
0,6,4,2,3,3,0,2,2,0,1,2,19.24410562,2,1,2500,1000002,1
1,6,4,2,3,3,0,2,2,0,1,2,22.186925283,2,1,2500,1000002,1
2,6,4,2,3,3,0,2,2,0,1,2,25.507355916,2,1,2500,1000002,1
3,6,4,2,3,3,0,2,2,0,1,2,22.762888116,2,1,2500,1000002,1
0,5,4,3,3,3,0,2,2,0,1,2,23.839645726,2,1,2500,1000002,1
1,5,4,3,3,3,0,2,2,0,1,2,24.570094108,2,1,2500,1000002,1
2,5,4,3,3,3,0,2,2,0,1,2,21.151532518,2,1,2500,1000002,1
3,5,4,3,3,3,0,2,2,0,1,2,26.263420663,2,1,2500,1000002,1
0,6,4,3,3,3,0,2,2,0,1,2,21.939593103,2,1,2500,1000002,1
1,6,4,3,3,3,0,2,2,0,1,2,23.930549144,2,1,2500,1000002,1
2,6,4,3,3,3,0,2,2,0,1,2,23.949868765,2,1,2500,1000002,1
3,6,4,3,3,3,0,2,2,0,1,2,21.813903642,2,1,2500,1000002,1
1,5,4,0,4,3,0,2,2,0,1,2,18.635779852,2,1,2500,1000002,1
2,5,4,0,4,3,0,2,2,0,1,2,21.620404138,2,1,2500,1000002,1
3,5,4,0,4,3,0,2,2,0,1,2,21.567662663,2,1,2500,1000002,1
1,6,4,0,4,3,0,2,2,0,1,2,21.010895587,2,1,2500,1000002,1
2,6,4,0,4,3,0,2,2,0,1,2,20.245316354,2,1,2500,1000002,1
3,6,4,0,4,3,0,2,2,0,1,2,23.360943154,2,1,2500,1000002,1
0,5,4,1,4,3,0,2,2,0,1,2,18.718980522,2,1,2500,1000002,1
1,5,4,1,4,3,0,2,2,0,1,2,22.32891143,2,1,2500,1000002,1
2,5,4,1,4,3,0,2,2,0,1,2,22.764714765,2,1,2500,1000002,1
3,5,4,1,4,3,0,2,2,0,1,2,24.037609155,2,1,2500,1000002,1
0,6,4,1,4,3,0,2,2,0,1,2,19.203469642,2,1,2500,1000002,1
1,6,4,1,4,3,0,2,2,0,1,2,21.020290384,2,1,2500,1000002,1
2,6,4,1,4,3,0,2,2,0,1,2,21.471399062,2,1,2500,1000002,1
3,6,4,1,4,3,0,2,2,0,1,2,21.299192676,2,1,2500,1000002,1
0,5,4,2,4,3,0,2,2,0,1,2,20.305654964,2,1,2500,1000002,1
1,5,4,2,4,3,0,2,2,0,1,2,25.518273528,2,1,2500,1000002,1
2,5,4,2,4,3,0,2,2,0,1,2,23.791845619,2,1,2500,1000002,1
3,5,4,2,4,3,0,2,2,0,1,2,22.334141853,2,1,2500,1000002,1
0,6,4,2,4,3,0,2,2,0,1,2,21.878464942,2,1,2500,1000002,1
1,6,4,2,4,3,0,2,2,0,1,2,20.936884408,2,1,2500,1000002,1
2,6,4,2,4,3,0,2,2,0,1,2,22.836446283,2,1,2500,1000002,1
3,6,4,2,4,3,0,2,2,0,1,2,22.78508338,2,1,2500,1000002,1
0,5,4,3,4,3,0,2,2,0,1,2,21.18355238,2,1,2500,1000002,1
1,5,4,3,4,3,0,2,2,0,1,2,23.169395395,2,1,2500,1000002,1
2,5,4,3,4,3,0,2,2,0,1,2,23.855894783,2,1,2500,1000002,1
3,5,4,3,4,3,0,2,2,0,1,2,22.698174208,2,1,2500,1000002,1
0,6,4,3,4,3,0,2,2,0,1,2,21.832714402,2,1,2500,1000002,1
1,6,4,3,4,3,0,2,2,0,1,2,24.196581125,2,1,2500,1000002,1
2,6,4,3,4,3,0,2,2,0,1,2,22.283277778,2,1,2500,1000002,1
3,6,4,3,4,3,0,2,2,0,1,2,21.929925504,2,1,2500,1000002,1
0,5,4,0,3,3,1,2,2,0,1,2,74.742257418,2,1,2500,1000002,1
1,5,4,0,3,3,1,2,2,0,1,2,35.423560475,2,1,2500,1000002,1
2,5,4,0,3,3,1,2,2,0,1,2,52.366156703,2,1,2500,1000002,1
3,5,4,0,3,3,1,2,2,0,1,2,38.502302137,2,1,2500,1000002,1
0,6,4,0,3,3,1,2,2,0,1,2,94.434630434,2,1,2500,1000002,1
1,6,4,0,3,3,1,2,2,0,1,2,39.610001251,2,1,2500,1000002,1
2,6,4,0,3,3,1,2,2,0,1,2,49.581878325,2,1,2500,1000002,1
3,6,4,0,3,3,1,2,2,0,1,2,46.453480734,2,1,2500,1000002,1
0,5,4,1,3,3,1,2,2,0,1,2,40.708331589,2,1,2500,1000002,1
1,5,4,1,3,3,1,2,2,0,1,2,31.454575297,2,1,2500,1000002,1
2,5,4,1,3,3,1,2,2,0,1,2,43.988405177,2,1,2500,1000002,1
3,5,4,1,3,3,1,2,2,0,1,2,39.252378314,2,1,2500,1000002,1
0,6,4,1,3,3,1,2,2,0,1,2,53.106640449,2,1,2500,1000002,1
1,6,4,1,3,3,1,2,2,0,1,2,54.976700265,2,1,2500,1000002,1
2,6,4,1,3,3,1,2,2,0,1,2,34.117470533,2,1,2500,1000002,1
3,6,4,1,3,3,1,2,2,0,1,2,32.807757416,2,1,2500,1000002,1
0,5,4,2,3,3,1,2,2,0,1,2,49.919628007,2,1,2500,1000002,1
1,5,4,2,3,3,1,2,2,0,1,2,31.62516781,2,1,2500,1000002,1
2,5,4,2,3,3,1,2,2,0,1,2,60.69344133,2,1,2500,1000002,1
3,5,4,2,3,3,1,2,2,0,1,2,41.521243811,2,1,2500,1000002,1
0,6,4,2,3,3,1,2,2,0,1,2,64.806271794,2,1,2500,1000002,1
1,6,4,2,3,3,1,2,2,0,1,2,40.786396582,2,1,2500,1000002,1
2,6,4,2,3,3,1,2,2,0,1,2,50.838900011,2,1,2500,1000002,1
3,6,4,2,3,3,1,2,2,0,1,2,55.247203566,2,1,2500,1000002,1
0,5,4,3,3,3,1,2,2,0,1,2,38.420476855,2,1,2500,1000002,1
1,5,4,3,3,3,1,2,2,0,1,2,38.288338825,2,1,2500,1000002,1
2,5,4,3,3,3,1,2,2,0,1,2,33.800920409,2,1,2500,1000002,1
3,5,4,3,3,3,1,2,2,0,1,2,31.8076261,2,1,2500,1000002,1
0,6,4,3,3,3,1,2,2,0,1,2,29.252123594,2,1,2500,1000002,1
1,6,4,3,3,3,1,2,2,0,1,2,42.213366549,2,1,2500,1000002,1
2,6,4,3,3,3,1,2,2,0,1,2,45.24074111,2,1,2500,1000002,1
3,6,4,3,3,3,1,2,2,0,1,2,46.604474429,2,1,2500,1000002,1
0,5,4,0,4,3,1,2,2,0,1,2,78.621474488,2,1,2500,1000002,1
1,5,4,0,4,3,1,2,2,0,1,2,34.323004173,2,1,2500,1000002,1
2,5,4,0,4,3,1,2,2,0,1,2,43.834065363,2,1,2500,1000002,1
3,5,4,0,4,3,1,2,2,0,1,2,74.42597755,2,1,2500,1000002,1
0,6,4,0,4,3,1,2,2,0,1,2,52.324977214,2,1,2500,1000002,1
1,6,4,0,4,3,1,2,2,0,1,2,40.56877529,2,1,2500,1000002,1
2,6,4,0,4,3,1,2,2,0,1,2,39.932269132,2,1,2500,1000002,1
3,6,4,0,4,3,1,2,2,0,1,2,50.774850332,2,1,2500,1000002,1
0,5,4,1,4,3,1,2,2,0,1,2,77.713578172,2,1,2500,1000002,1
1,5,4,1,4,3,1,2,2,0,1,2,35.747684514,2,1,2500,1000002,1
2,5,4,1,4,3,1,2,2,0,1,2,56.244200946,2,1,2500,1000002,1
3,5,4,1,4,3,1,2,2,0,1,2,37.158876123,2,1,2500,1000002,1
0,6,4,1,4,3,1,2,2,0,1,2,75.95567487,2,1,2500,1000002,1
1,6,4,1,4,3,1,2,2,0,1,2,44.772882984,2,1,2500,1000002,1
2,6,4,1,4,3,1,2,2,0,1,2,38.5097707,2,1,2500,1000002,1
3,6,4,1,4,3,1,2,2,0,1,2,56.152708421,2,1,2500,1000002,1
0,5,4,2,4,3,1,2,2,0,1,2,54.324872575,2,1,2500,1000002,1
1,5,4,2,4,3,1,2,2,0,1,2,60.753889488,2,1,2500,1000002,1
2,5,4,2,4,3,1,2,2,0,1,2,35.66149684,2,1,2500,1000002,1
3,5,4,2,4,3,1,2,2,0,1,2,44.053691694,2,1,2500,1000002,1
0,6,4,2,4,3,1,2,2,0,1,2,55.270543439,2,1,2500,1000002,1
1,6,4,2,4,3,1,2,2,0,1,2,44.712107441,2,1,2500,1000002,1
2,6,4,2,4,3,1,2,2,0,1,2,59.492696074,2,1,2500,1000002,1
3,6,4,2,4,3,1,2,2,0,1,2,48.046713373,2,1,2500,1000002,1
0,5,4,3,4,3,1,2,2,0,1,2,46.845566469,2,1,2500,1000002,1
1,5,4,3,4,3,1,2,2,0,1,2,43.685749352,2,1,2500,1000002,1
2,5,4,3,4,3,1,2,2,0,1,2,65.168209377,2,1,2500,1000002,1
3,5,4,3,4,3,1,2,2,0,1,2,42.536459231,2,1,2500,1000002,1
0,6,4,3,4,3,1,2,2,0,1,2,55.718638765,2,1,2500,1000002,1
1,6,4,3,4,3,1,2,2,0,1,2,41.428820428,2,1,2500,1000002,1
2,6,4,3,4,3,1,2,2,0,1,2,44.164832744,2,1,2500,1000002,1
3,6,4,3,4,3,1,2,2,0,1,2,34.434718729,2,1,2500,1000002,1
0,5,4,0,3,3,2,2,2,0,1,2,65.169886008,2,1,2500,1000002,1
1,5,4,0,3,3,2,2,2,0,1,2,31.101943308,2,1,2500,1000002,1
2,5,4,0,3,3,2,2,2,0,1,2,58.007211682,2,1,2500,1000002,1
3,5,4,0,3,3,2,2,2,0,1,2,46.621771281,2,1,2500,1000002,1
0,6,4,0,3,3,2,2,2,0,1,2,41.072870195,2,1,2500,1000002,1
1,6,4,0,3,3,2,2,2,0,1,2,52.697999087,2,1,2500,1000002,1
2,6,4,0,3,3,2,2,2,0,1,2,61.570316412,2,1,2500,1000002,1
3,6,4,0,3,3,2,2,2,0,1,2,54.030798454,2,1,2500,1000002,1
0,5,4,1,3,3,2,2,2,0,1,2,50.017270807,2,1,2500,1000002,1
1,5,4,1,3,3,2,2,2,0,1,2,39.208351716,2,1,2500,1000002,1
2,5,4,1,3,3,2,2,2,0,1,2,55.051666275,2,1,2500,1000002,1
3,5,4,1,3,3,2,2,2,0,1,2,36.699375232,2,1,2500,1000002,1
0,6,4,1,3,3,2,2,2,0,1,2,44.33812251,2,1,2500,1000002,1
1,6,4,1,3,3,2,2,2,0,1,2,59.381048633,2,1,2500,1000002,1
2,6,4,1,3,3,2,2,2,0,1,2,40.502134557,2,1,2500,1000002,1
3,6,4,1,3,3,2,2,2,0,1,2,59.34527255,2,1,2500,1000002,1
0,5,4,2,3,3,2,2,2,0,1,2,63.733412161,2,1,2500,1000002,1
1,5,4,2,3,3,2,2,2,0,1,2,34.653771702,2,1,2500,1000002,1
2,5,4,2,3,3,2,2,2,0,1,2,43.769143556,2,1,2500,1000002,1
3,5,4,2,3,3,2,2,2,0,1,2,38.04466582,2,1,2500,1000002,1
0,6,4,2,3,3,2,2,2,0,1,2,38.975311351,2,1,2500,1000002,1
1,6,4,2,3,3,2,2,2,0,1,2,37.309639592,2,1,2500,1000002,1
2,6,4,2,3,3,2,2,2,0,1,2,57.564554269,2,1,2500,1000002,1
3,6,4,2,3,3,2,2,2,0,1,2,48.932089657,2,1,2500,1000002,1
0,5,4,3,3,3,2,2,2,0,1,2,20.503643374,2,1,2500,1000002,1
1,5,4,3,3,3,2,2,2,0,1,2,42.301828288,2,1,2500,1000002,1
2,5,4,3,3,3,2,2,2,0,1,2,55.7416901,2,1,2500,1000002,1
3,5,4,3,3,3,2,2,2,0,1,2,35.249639665,2,1,2500,1000002,1
0,6,4,3,3,3,2,2,2,0,1,2,46.525752784,2,1,2500,1000002,1
1,6,4,3,3,3,2,2,2,0,1,2,38.73388064,2,1,2500,1000002,1
2,6,4,3,3,3,2,2,2,0,1,2,47.399895791,2,1,2500,1000002,1
3,6,4,3,3,3,2,2,2,0,1,2,40.566519162,2,1,2500,1000002,1
0,5,4,0,4,3,2,2,2,0,1,2,36.933321141,2,1,2500,1000002,1
1,5,4,0,4,3,2,2,2,0,1,2,51.633406246,2,1,2500,1000002,1
2,5,4,0,4,3,2,2,2,0,1,2,64.258528951,2,1,2500,1000002,1
3,5,4,0,4,3,2,2,2,0,1,2,41.26799448,2,1,2500,1000002,1
0,6,4,0,4,3,2,2,2,0,1,2,53.284602172,2,1,2500,1000002,1
1,6,4,0,4,3,2,2,2,0,1,2,52.972428339,2,1,2500,1000002,1
2,6,4,0,4,3,2,2,2,0,1,2,59.043347201,2,1,2500,1000002,1
3,6,4,0,4,3,2,2,2,0,1,2,57.421369585,2,1,2500,1000002,1
0,5,4,1,4,3,2,2,2,0,1,2,35.246917631,2,1,2500,1000002,1
1,5,4,1,4,3,2,2,2,0,1,2,38.833032665,2,1,2500,1000002,1
2,5,4,1,4,3,2,2,2,0,1,2,41.18176866,2,1,2500,1000002,1
3,5,4,1,4,3,2,2,2,0,1,2,37.690547486,2,1,2500,1000002,1
0,6,4,1,4,3,2,2,2,0,1,2,56.75863478,2,1,2500,1000002,1
1,6,4,1,4,3,2,2,2,0,1,2,55.004251401,2,1,2500,1000002,1
2,6,4,1,4,3,2,2,2,0,1,2,54.418532197,2,1,2500,1000002,1
3,6,4,1,4,3,2,2,2,0,1,2,36.934246855,2,1,2500,1000002,1
0,5,4,2,4,3,2,2,2,0,1,2,35.528762997,2,1,2500,1000002,1
1,5,4,2,4,3,2,2,2,0,1,2,53.062260931,2,1,2500,1000002,1
2,5,4,2,4,3,2,2,2,0,1,2,43.224940991,2,1,2500,1000002,1
3,5,4,2,4,3,2,2,2,0,1,2,36.397342935,2,1,2500,1000002,1
0,6,4,2,4,3,2,2,2,0,1,2,37.703077891,2,1,2500,1000002,1
1,6,4,2,4,3,2,2,2,0,1,2,40.816114075,2,1,2500,1000002,1
2,6,4,2,4,3,2,2,2,0,1,2,42.687840763,2,1,2500,1000002,1
3,6,4,2,4,3,2,2,2,0,1,2,30.369394964,2,1,2500,1000002,1
0,5,4,3,4,3,2,2,2,0,1,2,36.959357006,2,1,2500,1000002,1
1,5,4,3,4,3,2,2,2,0,1,2,40.938480025,2,1,2500,1000002,1
2,5,4,3,4,3,2,2,2,0,1,2,46.815498539,2,1,2500,1000002,1
3,5,4,3,4,3,2,2,2,0,1,2,34.654375168,2,1,2500,1000002,1
0,6,4,3,4,3,2,2,2,0,1,2,43.116767042,2,1,2500,1000002,1
1,6,4,3,4,3,2,2,2,0,1,2,49.965579476,2,1,2500,1000002,1
2,6,4,3,4,3,2,2,2,0,1,2,35.090115495,2,1,2500,1000002,1
3,6,4,3,4,3,2,2,2,0,1,2,53.437133359,2,1,2500,1000002,1
0,5,4,0,3,3,3,2,2,0,1,2,40.694658443,2,1,2500,1000002,1
1,5,4,0,3,3,3,2,2,0,1,2,58.939575521,2,1,2500,1000002,1
2,5,4,0,3,3,3,2,2,0,1,2,58.240430442,2,1,2500,1000002,1
3,5,4,0,3,3,3,2,2,0,1,2,57.108535846,2,1,2500,1000002,1
0,6,4,0,3,3,3,2,2,0,1,2,34.51722265,2,1,2500,1000002,1
1,6,4,0,3,3,3,2,2,0,1,2,68.246651562,2,1,2500,1000002,1
2,6,4,0,3,3,3,2,2,0,1,2,36.862738622,2,1,2500,1000002,1
3,6,4,0,3,3,3,2,2,0,1,2,59.236359138,2,1,2500,1000002,1
0,5,4,1,3,3,3,2,2,0,1,2,62.515236305,2,1,2500,1000002,1
1,5,4,1,3,3,3,2,2,0,1,2,36.833673315,2,1,2500,1000002,1
2,5,4,1,3,3,3,2,2,0,1,2,39.901108997,2,1,2500,1000002,1
3,5,4,1,3,3,3,2,2,0,1,2,42.720536388,2,1,2500,1000002,1
0,6,4,1,3,3,3,2,2,0,1,2,46.165854119,2,1,2500,1000002,1
1,6,4,1,3,3,3,2,2,0,1,2,57.571080236,2,1,2500,1000002,1
2,6,4,1,3,3,3,2,2,0,1,2,32.31848013,2,1,2500,1000002,1
3,6,4,1,3,3,3,2,2,0,1,2,38.149148366,2,1,2500,1000002,1
0,5,4,2,3,3,3,2,2,0,1,2,39.677533354,2,1,2500,1000002,1
1,5,4,2,3,3,3,2,2,0,1,2,42.400307516,2,1,2500,1000002,1
2,5,4,2,3,3,3,2,2,0,1,2,33.65356629,2,1,2500,1000002,1
3,5,4,2,3,3,3,2,2,0,1,2,31.127766861,2,1,2500,1000002,1
0,6,4,2,3,3,3,2,2,0,1,2,47.60444255,2,1,2500,1000002,1
1,6,4,2,3,3,3,2,2,0,1,2,40.564230775,2,1,2500,1000002,1
2,6,4,2,3,3,3,2,2,0,1,2,44.598038015,2,1,2500,1000002,1
3,6,4,2,3,3,3,2,2,0,1,2,43.524451873,2,1,2500,1000002,1
0,5,4,3,3,3,3,2,2,0,1,2,39.574500585,2,1,2500,1000002,1
1,5,4,3,3,3,3,2,2,0,1,2,37.51423508,2,1,2500,1000002,1
2,5,4,3,3,3,3,2,2,0,1,2,59.218056605,2,1,2500,1000002,1
3,5,4,3,3,3,3,2,2,0,1,2,40.536716372,2,1,2500,1000002,1
0,6,4,3,3,3,3,2,2,0,1,2,54.699380033,2,1,2500,1000002,1
1,6,4,3,3,3,3,2,2,0,1,2,38.154525628,2,1,2500,1000002,1
2,6,4,3,3,3,3,2,2,0,1,2,27.408356208,2,1,2500,1000002,1
3,6,4,3,3,3,3,2,2,0,1,2,37.356003837,2,1,2500,1000002,1
0,5,4,0,4,3,3,2,2,0,1,2,34.409879316,2,1,2500,1000002,1
1,5,4,0,4,3,3,2,2,0,1,2,36.941240577,2,1,2500,1000002,1
2,5,4,0,4,3,3,2,2,0,1,2,39.204204169,2,1,2500,1000002,1
3,5,4,0,4,3,3,2,2,0,1,2,42.435854628,2,1,2500,1000002,1
0,6,4,0,4,3,3,2,2,0,1,2,65.470320674,2,1,2500,1000002,1
1,6,4,0,4,3,3,2,2,0,1,2,39.25157642,2,1,2500,1000002,1
2,6,4,0,4,3,3,2,2,0,1,2,33.984581466,2,1,2500,1000002,1
3,6,4,0,4,3,3,2,2,0,1,2,41.946650015,2,1,2500,1000002,1
0,5,4,1,4,3,3,2,2,0,1,2,54.97437333,2,1,2500,1000002,1
1,5,4,1,4,3,3,2,2,0,1,2,38.570645154,2,1,2500,1000002,1
2,5,4,1,4,3,3,2,2,0,1,2,44.901723219,2,1,2500,1000002,1
3,5,4,1,4,3,3,2,2,0,1,2,36.743694769,2,1,2500,1000002,1
0,6,4,1,4,3,3,2,2,0,1,2,49.28110358,2,1,2500,1000002,1
1,6,4,1,4,3,3,2,2,0,1,2,43.56063219,2,1,2500,1000002,1
2,6,4,1,4,3,3,2,2,0,1,2,46.724058331,2,1,2500,1000002,1
3,6,4,1,4,3,3,2,2,0,1,2,40.093399154,2,1,2500,1000002,1
0,5,4,2,4,3,3,2,2,0,1,2,41.111402448,2,1,2500,1000002,1
1,5,4,2,4,3,3,2,2,0,1,2,44.17745743,2,1,2500,1000002,1
2,5,4,2,4,3,3,2,2,0,1,2,38.180620858,2,1,2500,1000002,1
3,5,4,2,4,3,3,2,2,0,1,2,41.869174112,2,1,2500,1000002,1
0,6,4,2,4,3,3,2,2,0,1,2,36.974791384,2,1,2500,1000002,1
1,6,4,2,4,3,3,2,2,0,1,2,42.71660478,2,1,2500,1000002,1
2,6,4,2,4,3,3,2,2,0,1,2,50.562122008,2,1,2500,1000002,1
3,6,4,2,4,3,3,2,2,0,1,2,42.482669653,2,1,2500,1000002,1
0,5,4,3,4,3,3,2,2,0,1,2,34.302935786,2,1,2500,1000002,1
1,5,4,3,4,3,3,2,2,0,1,2,49.271415051,2,1,2500,1000002,1
2,5,4,3,4,3,3,2,2,0,1,2,46.413874757,2,1,2500,1000002,1
3,5,4,3,4,3,3,2,2,0,1,2,36.052908872,2,1,2500,1000002,1
0,6,4,3,4,3,3,2,2,0,1,2,46.022899979,2,1,2500,1000002,1
1,6,4,3,4,3,3,2,2,0,1,2,35.334697786,2,1,2500,1000002,1
2,6,4,3,4,3,3,2,2,0,1,2,46.458186679,2,1,2500,1000002,1
3,6,4,3,4,3,3,2,2,0,1,2,42.373144314,2,1,2500,1000002,1
0,5,4,0,3,3,0,1,2,1,1,2,54.742059767,2,1,2500,1000002,1
1,5,4,0,3,3,0,1,2,1,1,2,44.679332018,2,1,2500,1000002,1
2,5,4,0,3,3,0,1,2,1,1,2,87.735406665,2,1,2500,1000002,1
3,5,4,0,3,3,0,1,2,1,1,2,35.475944903,2,1,2500,1000002,1
0,6,4,0,3,3,0,1,2,1,1,2,87.699955849,2,1,2500,1000002,1
1,6,4,0,3,3,0,1,2,1,1,2,34.148703124,2,1,2500,1000002,1
2,6,4,0,3,3,0,1,2,1,1,2,52.306698673,2,1,2500,1000002,1
3,6,4,0,3,3,0,1,2,1,1,2,49.934999856,2,1,2500,1000002,1
0,5,4,1,3,3,0,1,2,1,1,2,45.250486028,2,1,2500,1000002,1
1,5,4,1,3,3,0,1,2,1,1,2,41.133084112,2,1,2500,1000002,1
2,5,4,1,3,3,0,1,2,1,1,2,48.251929622,2,1,2500,1000002,1
3,5,4,1,3,3,0,1,2,1,1,2,68.94691948,2,1,2500,1000002,1
0,6,4,1,3,3,0,1,2,1,1,2,73.719348166,2,1,2500,1000002,1
1,6,4,1,3,3,0,1,2,1,1,2,43.488940225,2,1,2500,1000002,1
2,6,4,1,3,3,0,1,2,1,1,2,37.833623813,2,1,2500,1000002,1
3,6,4,1,3,3,0,1,2,1,1,2,39.333530717,2,1,2500,1000002,1
0,5,4,2,3,3,0,1,2,1,1,2,64.970746949,2,1,2500,1000002,1
1,5,4,2,3,3,0,1,2,1,1,2,33.142637056,2,1,2500,1000002,1
2,5,4,2,3,3,0,1,2,1,1,2,43.90667132,2,1,2500,1000002,1
3,5,4,2,3,3,0,1,2,1,1,2,45.652823288,2,1,2500,1000002,1
0,6,4,2,3,3,0,1,2,1,1,2,60.831760343,2,1,2500,1000002,1
1,6,4,2,3,3,0,1,2,1,1,2,42.498792974,2,1,2500,1000002,1
2,6,4,2,3,3,0,1,2,1,1,2,32.666118758,2,1,2500,1000002,1
3,6,4,2,3,3,0,1,2,1,1,2,51.729379324,2,1,2500,1000002,1
0,5,4,3,3,3,0,1,2,1,1,2,54.983383248,2,1,2500,1000002,1
1,5,4,3,3,3,0,1,2,1,1,2,55.041132696,2,1,2500,1000002,1
2,5,4,3,3,3,0,1,2,1,1,2,47.091671112,2,1,2500,1000002,1
1,5,4,0,3,3,0,1,2,0,1,2,31.379128325,6,5,2500,1000002,5
2,5,4,0,3,3,0,1,2,0,1,2,30.504819621,6,5,2500,1000002,5
3,5,4,0,3,3,0,1,2,0,1,2,31.834764988,6,5,2500,1000002,5
1,6,4,0,3,3,0,1,2,0,1,2,31.434434203,6,5,2500,1000002,5
2,6,4,0,3,3,0,1,2,0,1,2,31.106264897,6,5,2500,1000002,5
3,6,4,0,3,3,0,1,2,0,1,2,30.146306178,6,5,2500,1000002,5
0,5,4,1,3,3,0,1,2,0,1,2,29.890913575,6,5,2500,1000002,5
1,5,4,1,3,3,0,1,2,0,1,2,30.901318916,6,5,2500,1000002,5
2,5,4,1,3,3,0,1,2,0,1,2,30.688397642,6,5,2500,1000002,5
3,5,4,1,3,3,0,1,2,0,1,2,30.130535104,6,5,2500,1000002,5
0,6,4,1,3,3,0,1,2,0,1,2,31.334902413,6,5,2500,1000002,5
1,6,4,1,3,3,0,1,2,0,1,2,29.38312684,6,5,2500,1000002,5
2,6,4,1,3,3,0,1,2,0,1,2,29.963084202,6,5,2500,1000002,5
3,6,4,1,3,3,0,1,2,0,1,2,31.905499659,6,5,2500,1000002,5
0,5,4,2,3,3,0,1,2,0,1,2,29.946830808,6,5,2500,1000002,5
1,5,4,2,3,3,0,1,2,0,1,2,30.853869266,6,5,2500,1000002,5
2,5,4,2,3,3,0,1,2,0,1,2,30.03334612,6,5,2500,1000002,5
3,5,4,2,3,3,0,1,2,0,1,2,31.412572063,6,5,2500,1000002,5
0,6,4,2,3,3,0,1,2,0,1,2,31.724958364,6,5,2500,1000002,5
1,6,4,2,3,3,0,1,2,0,1,2,30.053195636,6,5,2500,1000002,5
2,6,4,2,3,3,0,1,2,0,1,2,30.934967283,6,5,2500,1000002,5
3,6,4,2,3,3,0,1,2,0,1,2,30.408107609,6,5,2500,1000002,5
0,5,4,3,3,3,0,1,2,0,1,2,30.809092908,6,5,2500,1000002,5
1,5,4,3,3,3,0,1,2,0,1,2,33.808213532,6,5,2500,1000002,5
2,5,4,3,3,3,0,1,2,0,1,2,32.440232159,6,5,2500,1000002,5
3,5,4,3,3,3,0,1,2,0,1,2,26.23117854,6,5,2500,1000002,5
0,6,4,3,3,3,0,1,2,0,1,2,30.73381132,6,5,2500,1000002,5
1,6,4,3,3,3,0,1,2,0,1,2,30.96195601,6,5,2500,1000002,5
2,6,4,3,3,3,0,1,2,0,1,2,28.993727365,6,5,2500,1000002,5
3,6,4,3,3,3,0,1,2,0,1,2,30.5797247,6,5,2500,1000002,5
1,5,4,0,4,3,0,1,2,0,1,2,31.13387083,6,5,2500,1000002,5
2,5,4,0,4,3,0,1,2,0,1,2,29.87183857,6,5,2500,1000002,5
3,5,4,0,4,3,0,1,2,0,1,2,31.697444394,6,5,2500,1000002,5
1,6,4,0,4,3,0,1,2,0,1,2,30.262791639,6,5,2500,1000002,5
2,6,4,0,4,3,0,1,2,0,1,2,30.943686899,6,5,2500,1000002,5
3,6,4,0,4,3,0,1,2,0,1,2,30.490229455,6,5,2500,1000002,5
0,5,4,1,4,3,0,1,2,0,1,2,29.626395875,6,5,2500,1000002,5
1,5,4,1,4,3,0,1,2,0,1,2,31.496234804,6,5,2500,1000002,5
2,5,4,1,4,3,0,1,2,0,1,2,29.334647407,6,5,2500,1000002,5
3,5,4,1,4,3,0,1,2,0,1,2,31.24253413,6,5,2500,1000002,5
0,6,4,1,4,3,0,1,2,0,1,2,29.201463796,6,5,2500,1000002,5
1,6,4,1,4,3,0,1,2,0,1,2,29.277457842,6,5,2500,1000002,5
2,6,4,1,4,3,0,1,2,0,1,2,30.90487589,6,5,2500,1000002,5
3,6,4,1,4,3,0,1,2,0,1,2,32.440282257,6,5,2500,1000002,5
0,5,4,2,4,3,0,1,2,0,1,2,30.252534785,6,5,2500,1000002,5
1,5,4,2,4,3,0,1,2,0,1,2,28.330874156,6,5,2500,1000002,5
2,5,4,2,4,3,0,1,2,0,1,2,29.586604725,6,5,2500,1000002,5
3,5,4,2,4,3,0,1,2,0,1,2,31.983411225,6,5,2500,1000002,5
0,6,4,2,4,3,0,1,2,0,1,2,30.94206955,6,5,2500,1000002,5
1,6,4,2,4,3,0,1,2,0,1,2,29.239221314,6,5,2500,1000002,5
2,6,4,2,4,3,0,1,2,0,1,2,30.320698738,6,5,2500,1000002,5
3,6,4,2,4,3,0,1,2,0,1,2,31.573062836,6,5,2500,1000002,5
0,5,4,3,4,3,0,1,2,0,1,2,28.276591744,6,5,2500,1000002,5
1,5,4,3,4,3,0,1,2,0,1,2,31.954093538,6,5,2500,1000002,5
2,5,4,3,4,3,0,1,2,0,1,2,31.110723882,6,5,2500,1000002,5
3,5,4,3,4,3,0,1,2,0,1,2,32.51039135,6,5,2500,1000002,5
0,6,4,3,4,3,0,1,2,0,1,2,30.267587559,6,5,2500,1000002,5
1,6,4,3,4,3,0,1,2,0,1,2,32.119887391,6,5,2500,1000002,5
2,6,4,3,4,3,0,1,2,0,1,2,28.982202036,6,5,2500,1000002,5
3,6,4,3,4,3,0,1,2,0,1,2,29.468593942,6,5,2500,1000002,5
0,5,4,0,3,3,1,1,2,0,1,2,81.939673678,6,5,2500,1000002,5
1,5,4,0,3,3,1,1,2,0,1,2,94.323537046,6,5,2500,1000002,5
2,5,4,0,3,3,1,1,2,0,1,2,51.494325148,6,5,2500,1000002,5
3,5,4,0,3,3,1,1,2,0,1,2,42.124976188,6,5,2500,1000002,5
0,6,4,0,3,3,1,1,2,0,1,2,62.429547443,6,5,2500,1000002,5
1,6,4,0,3,3,1,1,2,0,1,2,50.811391093,6,5,2500,1000002,5
2,6,4,0,3,3,1,1,2,0,1,2,50.293953203,6,5,2500,1000002,5
3,6,4,0,3,3,1,1,2,0,1,2,61.084048465,6,5,2500,1000002,5
0,5,4,1,3,3,1,1,2,0,1,2,73.48937176,6,5,2500,1000002,5
1,5,4,1,3,3,1,1,2,0,1,2,66.1334489,6,5,2500,1000002,5
2,5,4,1,3,3,1,1,2,0,1,2,67.485909618,6,5,2500,1000002,5
3,5,4,1,3,3,1,1,2,0,1,2,39.565816438,6,5,2500,1000002,5
0,6,4,1,3,3,1,1,2,0,1,2,60.867130459,6,5,2500,1000002,5
1,6,4,1,3,3,1,1,2,0,1,2,57.04628094,6,5,2500,1000002,5
2,6,4,1,3,3,1,1,2,0,1,2,65.01938883,6,5,2500,1000002,5
3,6,4,1,3,3,1,1,2,0,1,2,65.817700202,6,5,2500,1000002,5
0,5,4,2,3,3,1,1,2,0,1,2,58.307126237,6,5,2500,1000002,5
1,5,4,2,3,3,1,1,2,0,1,2,61.307665476,6,5,2500,1000002,5
2,5,4,2,3,3,1,1,2,0,1,2,53.841160374,6,5,2500,1000002,5
3,5,4,2,3,3,1,1,2,0,1,2,54.645173704,6,5,2500,1000002,5
0,6,4,2,3,3,1,1,2,0,1,2,81.486023694,6,5,2500,1000002,5
1,6,4,2,3,3,1,1,2,0,1,2,50.671615657,6,5,2500,1000002,5
2,6,4,2,3,3,1,1,2,0,1,2,61.334946968,6,5,2500,1000002,5
3,6,4,2,3,3,1,1,2,0,1,2,40.631629116,6,5,2500,1000002,5
0,5,4,3,3,3,1,1,2,0,1,2,49.979099543,6,5,2500,1000002,5
1,5,4,3,3,3,1,1,2,0,1,2,52.792932376,6,5,2500,1000002,5
2,5,4,3,3,3,1,1,2,0,1,2,53.637021889,6,5,2500,1000002,5
3,5,4,3,3,3,1,1,2,0,1,2,48.884738073,6,5,2500,1000002,5
0,6,4,3,3,3,1,1,2,0,1,2,42.512253021,6,5,2500,1000002,5
1,6,4,3,3,3,1,1,2,0,1,2,58.095672334,6,5,2500,1000002,5
2,6,4,3,3,3,1,1,2,0,1,2,55.335649466,6,5,2500,1000002,5
3,6,4,3,3,3,1,1,2,0,1,2,50.723575033,6,5,2500,1000002,5
0,5,4,0,4,3,1,1,2,0,1,2,100.972486537,6,5,2500,1000002,5
1,5,4,0,4,3,1,1,2,0,1,2,69.675368537,6,5,2500,1000002,5
2,5,4,0,4,3,1,1,2,0,1,2,60.445553038,6,5,2500,1000002,5
3,5,4,0,4,3,1,1,2,0,1,2,56.807866223,6,5,2500,1000002,5
0,6,4,0,4,3,1,1,2,0,1,2,103.557181696,6,5,2500,1000002,5
1,6,4,0,4,3,1,1,2,0,1,2,99.374153488,6,5,2500,1000002,5
2,6,4,0,4,3,1,1,2,0,1,2,52.918186117,6,5,2500,1000002,5
3,6,4,0,4,3,1,1,2,0,1,2,48.529654733,6,5,2500,1000002,5
0,5,4,1,4,3,1,1,2,0,1,2,51.856602942,6,5,2500,1000002,5
1,5,4,1,4,3,1,1,2,0,1,2,59.916379994,6,5,2500,1000002,5
2,5,4,1,4,3,1,1,2,0,1,2,58.560784798,6,5,2500,1000002,5
3,5,4,1,4,3,1,1,2,0,1,2,43.169791477,6,5,2500,1000002,5
0,6,4,1,4,3,1,1,2,0,1,2,89.306073532,6,5,2500,1000002,5
1,6,4,1,4,3,1,1,2,0,1,2,42.720384725,6,5,2500,1000002,5
2,6,4,1,4,3,1,1,2,0,1,2,58.294552223,6,5,2500,1000002,5
3,6,4,1,4,3,1,1,2,0,1,2,50.623816674,6,5,2500,1000002,5
0,5,4,2,4,3,1,1,2,0,1,2,54.859410035,6,5,2500,1000002,5
1,5,4,2,4,3,1,1,2,0,1,2,49.652672856,6,5,2500,1000002,5
2,5,4,2,4,3,1,1,2,0,1,2,41.125270071,6,5,2500,1000002,5
3,5,4,2,4,3,1,1,2,0,1,2,55.268865318,6,5,2500,1000002,5
0,6,4,2,4,3,1,1,2,0,1,2,53.999250878,6,5,2500,1000002,5
1,6,4,2,4,3,1,1,2,0,1,2,60.974166824,6,5,2500,1000002,5
2,6,4,2,4,3,1,1,2,0,1,2,46.26770157,6,5,2500,1000002,5
3,6,4,2,4,3,1,1,2,0,1,2,49.41406283,6,5,2500,1000002,5
0,5,4,3,4,3,1,1,2,0,1,2,40.008386724,6,5,2500,1000002,5
1,5,4,3,4,3,1,1,2,0,1,2,49.971771671,6,5,2500,1000002,5
2,5,4,3,4,3,1,1,2,0,1,2,51.234584028,6,5,2500,1000002,5
3,5,4,3,4,3,1,1,2,0,1,2,46.39886398,6,5,2500,1000002,5
0,6,4,3,4,3,1,1,2,0,1,2,52.075939456,6,5,2500,1000002,5
1,6,4,3,4,3,1,1,2,0,1,2,41.883997474,6,5,2500,1000002,5
2,6,4,3,4,3,1,1,2,0,1,2,68.502586969,6,5,2500,1000002,5
3,6,4,3,4,3,1,1,2,0,1,2,51.67152333,6,5,2500,1000002,5
0,5,4,0,3,3,2,1,2,0,1,2,74.136386621,6,5,2500,1000002,5
1,5,4,0,3,3,2,1,2,0,1,2,60.395239205,6,5,2500,1000002,5
2,5,4,0,3,3,2,1,2,0,1,2,66.620673089,6,5,2500,1000002,5
3,5,4,0,3,3,2,1,2,0,1,2,49.928743318,6,5,2500,1000002,5
0,6,4,0,3,3,2,1,2,0,1,2,71.751274997,6,5,2500,1000002,5
1,6,4,0,3,3,2,1,2,0,1,2,54.203447464,6,5,2500,1000002,5
2,6,4,0,3,3,2,1,2,0,1,2,32.562549186,6,5,2500,1000002,5
3,6,4,0,3,3,2,1,2,0,1,2,51.490645505,6,5,2500,1000002,5
0,5,4,1,3,3,2,1,2,0,1,2,66.744787635,6,5,2500,1000002,5
1,5,4,1,3,3,2,1,2,0,1,2,49.245964579,6,5,2500,1000002,5
2,5,4,1,3,3,2,1,2,0,1,2,66.847194442,6,5,2500,1000002,5
3,5,4,1,3,3,2,1,2,0,1,2,59.084972994,6,5,2500,1000002,5
0,6,4,1,3,3,2,1,2,0,1,2,51.225995542,6,5,2500,1000002,5
1,6,4,1,3,3,2,1,2,0,1,2,50.802669412,6,5,2500,1000002,5
2,6,4,1,3,3,2,1,2,0,1,2,39.465179704,6,5,2500,1000002,5
3,6,4,1,3,3,2,1,2,0,1,2,50.809704615,6,5,2500,1000002,5
0,5,4,2,3,3,2,1,2,0,1,2,52.77701374,6,5,2500,1000002,5
1,5,4,2,3,3,2,1,2,0,1,2,50.629356358,6,5,2500,1000002,5
2,5,4,2,3,3,2,1,2,0,1,2,35.755776492,6,5,2500,1000002,5
3,5,4,2,3,3,2,1,2,0,1,2,48.613024065,6,5,2500,1000002,5
0,6,4,2,3,3,2,1,2,0,1,2,57.182527205,6,5,2500,1000002,5
1,6,4,2,3,3,2,1,2,0,1,2,62.626468482,6,5,2500,1000002,5
2,6,4,2,3,3,2,1,2,0,1,2,68.380574513,6,5,2500,1000002,5
3,6,4,2,3,3,2,1,2,0,1,2,43.227803918,6,5,2500,1000002,5
0,5,4,3,3,3,2,1,2,0,1,2,52.433088903,6,5,2500,1000002,5
1,5,4,3,3,3,2,1,2,0,1,2,49.631284446,6,5,2500,1000002,5
2,5,4,3,3,3,2,1,2,0,1,2,51.551359868,6,5,2500,1000002,5
3,5,4,3,3,3,2,1,2,0,1,2,44.556147312,6,5,2500,1000002,5
0,6,4,3,3,3,2,1,2,0,1,2,63.159673977,6,5,2500,1000002,5
1,6,4,3,3,3,2,1,2,0,1,2,54.561911317,6,5,2500,1000002,5
2,6,4,3,3,3,2,1,2,0,1,2,50.831029014,6,5,2500,1000002,5
3,6,4,3,3,3,2,1,2,0,1,2,67.230945448,6,5,2500,1000002,5
0,5,4,0,4,3,2,1,2,0,1,2,58.673290385,6,5,2500,1000002,5
1,5,4,0,4,3,2,1,2,0,1,2,86.307149268,6,5,2500,1000002,5
2,5,4,0,4,3,2,1,2,0,1,2,49.886417799,6,5,2500,1000002,5
3,5,4,0,4,3,2,1,2,0,1,2,56.084846783,6,5,2500,1000002,5
0,6,4,0,4,3,2,1,2,0,1,2,83.932897553,6,5,2500,1000002,5
1,6,4,0,4,3,2,1,2,0,1,2,64.164758168,6,5,2500,1000002,5
2,6,4,0,4,3,2,1,2,0,1,2,48.347701158,6,5,2500,1000002,5
3,6,4,0,4,3,2,1,2,0,1,2,76.073977069,6,5,2500,1000002,5
0,5,4,1,4,3,2,1,2,0,1,2,44.236125691,6,5,2500,1000002,5
1,5,4,1,4,3,2,1,2,0,1,2,44.528850518,6,5,2500,1000002,5
2,5,4,1,4,3,2,1,2,0,1,2,48.108100671,6,5,2500,1000002,5
3,5,4,1,4,3,2,1,2,0,1,2,39.410856451,6,5,2500,1000002,5
0,6,4,1,4,3,2,1,2,0,1,2,70.372582055,6,5,2500,1000002,5
1,6,4,1,4,3,2,1,2,0,1,2,69.189688247,6,5,2500,1000002,5
2,6,4,1,4,3,2,1,2,0,1,2,55.042768803,6,5,2500,1000002,5
3,6,4,1,4,3,2,1,2,0,1,2,57.520853761,6,5,2500,1000002,5
0,5,4,2,4,3,2,1,2,0,1,2,42.256436609,6,5,2500,1000002,5
1,5,4,2,4,3,2,1,2,0,1,2,53.261938754,6,5,2500,1000002,5
2,5,4,2,4,3,2,1,2,0,1,2,51.018126054,6,5,2500,1000002,5
3,5,4,2,4,3,2,1,2,0,1,2,50.389494236,6,5,2500,1000002,5
0,6,4,2,4,3,2,1,2,0,1,2,47.520003464,6,5,2500,1000002,5
1,6,4,2,4,3,2,1,2,0,1,2,56.476881001,6,5,2500,1000002,5
2,6,4,2,4,3,2,1,2,0,1,2,44.518771112,6,5,2500,1000002,5
3,6,4,2,4,3,2,1,2,0,1,2,52.228913237,6,5,2500,1000002,5
0,5,4,3,4,3,2,1,2,0,1,2,62.260612483,6,5,2500,1000002,5
1,5,4,3,4,3,2,1,2,0,1,2,50.265865323,6,5,2500,1000002,5
2,5,4,3,4,3,2,1,2,0,1,2,49.326619263,6,5,2500,1000002,5
3,5,4,3,4,3,2,1,2,0,1,2,38.833113217,6,5,2500,1000002,5
0,6,4,3,4,3,2,1,2,0,1,2,45.047583814,6,5,2500,1000002,5
1,6,4,3,4,3,2,1,2,0,1,2,41.260013999,6,5,2500,1000002,5
2,6,4,3,4,3,2,1,2,0,1,2,42.700185345,6,5,2500,1000002,5
3,6,4,3,4,3,2,1,2,0,1,2,46.736754626,6,5,2500,1000002,5
0,5,4,0,3,3,3,1,2,0,1,2,96.145587046,6,5,2500,1000002,5
1,5,4,0,3,3,3,1,2,0,1,2,45.097277861,6,5,2500,1000002,5
2,5,4,0,3,3,3,1,2,0,1,2,46.15492377,6,5,2500,1000002,5
3,5,4,0,3,3,3,1,2,0,1,2,49.067858249,6,5,2500,1000002,5
0,6,4,0,3,3,3,1,2,0,1,2,59.734168848,6,5,2500,1000002,5
1,6,4,0,3,3,3,1,2,0,1,2,74.91711352,6,5,2500,1000002,5
2,6,4,0,3,3,3,1,2,0,1,2,49.952987109,6,5,2500,1000002,5
1,5,4,0,3,3,0,1,2,0,1,2,38.472478782,11,10,2500,1000002,10
2,5,4,0,3,3,0,1,2,0,1,2,40.014523405,11,10,2500,1000002,10
3,5,4,0,3,3,0,1,2,0,1,2,39.120382206,11,10,2500,1000002,10
1,6,4,0,3,3,0,1,2,0,1,2,39.606917187,11,10,2500,1000002,10
2,6,4,0,3,3,0,1,2,0,1,2,41.443975543,11,10,2500,1000002,10
3,6,4,0,3,3,0,1,2,0,1,2,39.500718652,11,10,2500,1000002,10
0,5,4,1,3,3,0,1,2,0,1,2,40.83328543,11,10,2500,1000002,10
1,5,4,1,3,3,0,1,2,0,1,2,39.236350543,11,10,2500,1000002,10
2,5,4,1,3,3,0,1,2,0,1,2,37.767160101,11,10,2500,1000002,10
3,5,4,1,3,3,0,1,2,0,1,2,39.63158913,11,10,2500,1000002,10
0,6,4,1,3,3,0,1,2,0,1,2,38.21358447,11,10,2500,1000002,10
1,6,4,1,3,3,0,1,2,0,1,2,40.243808608,11,10,2500,1000002,10
2,6,4,1,3,3,0,1,2,0,1,2,39.023901291,11,10,2500,1000002,10
3,6,4,1,3,3,0,1,2,0,1,2,41.256365603,11,10,2500,1000002,10
0,5,4,2,3,3,0,1,2,0,1,2,36.569802552,11,10,2500,1000002,10
1,5,4,2,3,3,0,1,2,0,1,2,38.821635912,11,10,2500,1000002,10
2,5,4,2,3,3,0,1,2,0,1,2,38.228348764,11,10,2500,1000002,10
3,5,4,2,3,3,0,1,2,0,1,2,39.923275071,11,10,2500,1000002,10
0,6,4,2,3,3,0,1,2,0,1,2,40.880921352,11,10,2500,1000002,10
1,6,4,2,3,3,0,1,2,0,1,2,38.398958963,11,10,2500,1000002,10
2,6,4,2,3,3,0,1,2,0,1,2,41.589894156,11,10,2500,1000002,10
3,6,4,2,3,3,0,1,2,0,1,2,39.24087634,11,10,2500,1000002,10
0,5,4,3,3,3,0,1,2,0,1,2,39.406740057,11,10,2500,1000002,10
1,5,4,3,3,3,0,1,2,0,1,2,38.901170878,11,10,2500,1000002,10
2,5,4,3,3,3,0,1,2,0,1,2,40.627142865,11,10,2500,1000002,10
3,5,4,3,3,3,0,1,2,0,1,2,42.640000787,11,10,2500,1000002,10
0,6,4,3,3,3,0,1,2,0,1,2,41.565046459,11,10,2500,1000002,10
1,6,4,3,3,3,0,1,2,0,1,2,38.125489001,11,10,2500,1000002,10
2,6,4,3,3,3,0,1,2,0,1,2,38.633003451,11,10,2500,1000002,10
3,6,4,3,3,3,0,1,2,0,1,2,31.517500905,11,10,2500,1000002,10
1,5,4,0,4,3,0,1,2,0,1,2,47.954021266,11,10,2500,1000002,10
2,5,4,0,4,3,0,1,2,0,1,2,37.589417647,11,10,2500,1000002,10
3,5,4,0,4,3,0,1,2,0,1,2,41.123705998,11,10,2500,1000002,10
1,6,4,0,4,3,0,1,2,0,1,2,38.248901738,11,10,2500,1000002,10
2,6,4,0,4,3,0,1,2,0,1,2,37.411167253,11,10,2500,1000002,10
3,6,4,0,4,3,0,1,2,0,1,2,38.528136262,11,10,2500,1000002,10
0,5,4,1,4,3,0,1,2,0,1,2,41.069059945,11,10,2500,1000002,10
1,5,4,1,4,3,0,1,2,0,1,2,40.679282244,11,10,2500,1000002,10
2,5,4,1,4,3,0,1,2,0,1,2,40.681845388,11,10,2500,1000002,10
3,5,4,1,4,3,0,1,2,0,1,2,42.53569982,11,10,2500,1000002,10
0,6,4,1,4,3,0,1,2,0,1,2,38.871013341,11,10,2500,1000002,10
1,6,4,1,4,3,0,1,2,0,1,2,38.785200977,11,10,2500,1000002,10
2,6,4,1,4,3,0,1,2,0,1,2,38.152538756,11,10,2500,1000002,10
3,6,4,1,4,3,0,1,2,0,1,2,39.015351812,11,10,2500,1000002,10
0,5,4,2,4,3,0,1,2,0,1,2,38.978505096,11,10,2500,1000002,10
1,5,4,2,4,3,0,1,2,0,1,2,39.655611894,11,10,2500,1000002,10
2,5,4,2,4,3,0,1,2,0,1,2,39.918609132,11,10,2500,1000002,10
3,5,4,2,4,3,0,1,2,0,1,2,38.735319934,11,10,2500,1000002,10
0,6,4,2,4,3,0,1,2,0,1,2,40.535280673,11,10,2500,1000002,10
1,6,4,2,4,3,0,1,2,0,1,2,40.454131577,11,10,2500,1000002,10
2,6,4,2,4,3,0,1,2,0,1,2,37.72953505,11,10,2500,1000002,10
3,6,4,2,4,3,0,1,2,0,1,2,40.027771069,11,10,2500,1000002,10
0,5,4,3,4,3,0,1,2,0,1,2,38.455135549,11,10,2500,1000002,10
1,5,4,3,4,3,0,1,2,0,1,2,36.854500697,11,10,2500,1000002,10
2,5,4,3,4,3,0,1,2,0,1,2,39.110547252,11,10,2500,1000002,10
3,5,4,3,4,3,0,1,2,0,1,2,39.553644107,11,10,2500,1000002,10
0,6,4,3,4,3,0,1,2,0,1,2,38.003908641,11,10,2500,1000002,10
1,6,4,3,4,3,0,1,2,0,1,2,43.106379339,11,10,2500,1000002,10
2,6,4,3,4,3,0,1,2,0,1,2,41.029491698,11,10,2500,1000002,10
3,6,4,3,4,3,0,1,2,0,1,2,41.181595337,11,10,2500,1000002,10
0,5,4,0,3,3,1,1,2,0,1,2,60.037659897,11,10,2500,1000002,10
1,5,4,0,3,3,1,1,2,0,1,2,56.753852686,11,10,2500,1000002,10
2,5,4,0,3,3,1,1,2,0,1,2,85.885962339,11,10,2500,1000002,10
3,5,4,0,3,3,1,1,2,0,1,2,55.551842908,11,10,2500,1000002,10
0,6,4,0,3,3,1,1,2,0,1,2,89.618900147,11,10,2500,1000002,10
1,6,4,0,3,3,1,1,2,0,1,2,67.747332533,11,10,2500,1000002,10
2,6,4,0,3,3,1,1,2,0,1,2,76.32568108,11,10,2500,1000002,10
3,6,4,0,3,3,1,1,2,0,1,2,54.200657938,11,10,2500,1000002,10
0,5,4,1,3,3,1,1,2,0,1,2,71.995337287,11,10,2500,1000002,10
1,5,4,1,3,3,1,1,2,0,1,2,57.25413161,11,10,2500,1000002,10
2,5,4,1,3,3,1,1,2,0,1,2,61.197484181,11,10,2500,1000002,10
3,5,4,1,3,3,1,1,2,0,1,2,70.090325862,11,10,2500,1000002,10
0,6,4,1,3,3,1,1,2,0,1,2,63.488206426,11,10,2500,1000002,10
1,6,4,1,3,3,1,1,2,0,1,2,64.578759923,11,10,2500,1000002,10
2,6,4,1,3,3,1,1,2,0,1,2,59.234171982,11,10,2500,1000002,10
3,6,4,1,3,3,1,1,2,0,1,2,58.469582745,11,10,2500,1000002,10
0,5,4,2,3,3,1,1,2,0,1,2,49.923529972,11,10,2500,1000002,10
1,5,4,2,3,3,1,1,2,0,1,2,72.314009007,11,10,2500,1000002,10
2,5,4,2,3,3,1,1,2,0,1,2,64.437661481,11,10,2500,1000002,10
3,5,4,2,3,3,1,1,2,0,1,2,64.188768785,11,10,2500,1000002,10
0,6,4,2,3,3,1,1,2,0,1,2,65.619324295,11,10,2500,1000002,10
1,6,4,2,3,3,1,1,2,0,1,2,63.538345533,11,10,2500,1000002,10
2,6,4,2,3,3,1,1,2,0,1,2,74.36371831700001,11,10,2500,1000002,10
3,6,4,2,3,3,1,1,2,0,1,2,55.566890643,11,10,2500,1000002,10
0,5,4,3,3,3,1,1,2,0,1,2,61.538348696,11,10,2500,1000002,10
1,5,4,3,3,3,1,1,2,0,1,2,67.043035788,11,10,2500,1000002,10
2,5,4,3,3,3,1,1,2,0,1,2,59.439482782,11,10,2500,1000002,10
3,5,4,3,3,3,1,1,2,0,1,2,56.736302902,11,10,2500,1000002,10
0,6,4,3,3,3,1,1,2,0,1,2,58.072697244,11,10,2500,1000002,10
1,6,4,3,3,3,1,1,2,0,1,2,69.648975603,11,10,2500,1000002,10
2,6,4,3,3,3,1,1,2,0,1,2,55.096342525,11,10,2500,1000002,10
3,6,4,3,3,3,1,1,2,0,1,2,58.967208174,11,10,2500,1000002,10
0,5,4,0,4,3,1,1,2,0,1,2,68.865505634,11,10,2500,1000002,10
1,5,4,0,4,3,1,1,2,0,1,2,89.116799807,11,10,2500,1000002,10
2,5,4,0,4,3,1,1,2,0,1,2,53.875001447,11,10,2500,1000002,10
3,5,4,0,4,3,1,1,2,0,1,2,61.836791266,11,10,2500,1000002,10
0,6,4,0,4,3,1,1,2,0,1,2,62.339400528,11,10,2500,1000002,10
1,6,4,0,4,3,1,1,2,0,1,2,49.180664309,11,10,2500,1000002,10
2,6,4,0,4,3,1,1,2,0,1,2,73.419519556,11,10,2500,1000002,10
3,6,4,0,4,3,1,1,2,0,1,2,83.79755399,11,10,2500,1000002,10
0,5,4,1,4,3,1,1,2,0,1,2,62.007309973,11,10,2500,1000002,10
1,5,4,1,4,3,1,1,2,0,1,2,48.39991438,11,10,2500,1000002,10
2,5,4,1,4,3,1,1,2,0,1,2,70.556796788,11,10,2500,1000002,10
3,5,4,1,4,3,1,1,2,0,1,2,71.094861208,11,10,2500,1000002,10
0,6,4,1,4,3,1,1,2,0,1,2,60.746365559,11,10,2500,1000002,10
1,6,4,1,4,3,1,1,2,0,1,2,86.391309111,11,10,2500,1000002,10
2,6,4,1,4,3,1,1,2,0,1,2,64.969140425,11,10,2500,1000002,10
3,6,4,1,4,3,1,1,2,0,1,2,51.675375276,11,10,2500,1000002,10
0,5,4,2,4,3,1,1,2,0,1,2,59.932987752,11,10,2500,1000002,10
1,5,4,2,4,3,1,1,2,0,1,2,61.741449807,11,10,2500,1000002,10
2,5,4,2,4,3,1,1,2,0,1,2,63.676040868,11,10,2500,1000002,10
3,5,4,2,4,3,1,1,2,0,1,2,68.342152238,11,10,2500,1000002,10
0,6,4,2,4,3,1,1,2,0,1,2,75.292332661,11,10,2500,1000002,10
1,6,4,2,4,3,1,1,2,0,1,2,79.509757234,11,10,2500,1000002,10
2,6,4,2,4,3,1,1,2,0,1,2,62.18691172,11,10,2500,1000002,10
3,6,4,2,4,3,1,1,2,0,1,2,65.24116799,11,10,2500,1000002,10
0,5,4,3,4,3,1,1,2,0,1,2,59.250188279,11,10,2500,1000002,10
1,5,4,3,4,3,1,1,2,0,1,2,67.210199546,11,10,2500,1000002,10
2,5,4,3,4,3,1,1,2,0,1,2,61.118068476,11,10,2500,1000002,10
3,5,4,3,4,3,1,1,2,0,1,2,56.799103369,11,10,2500,1000002,10
0,6,4,3,4,3,1,1,2,0,1,2,71.872984295,11,10,2500,1000002,10
1,6,4,3,4,3,1,1,2,0,1,2,48.603581373,11,10,2500,1000002,10
2,6,4,3,4,3,1,1,2,0,1,2,61.38838445,11,10,2500,1000002,10
3,6,4,3,4,3,1,1,2,0,1,2,55.759237795,11,10,2500,1000002,10
0,5,4,0,3,3,2,1,2,0,1,2,81.761642702,11,10,2500,1000002,10
1,5,4,0,3,3,2,1,2,0,1,2,71.649240259,11,10,2500,1000002,10
2,5,4,0,3,3,2,1,2,0,1,2,68.648394702,11,10,2500,1000002,10
3,5,4,0,3,3,2,1,2,0,1,2,63.258189114,11,10,2500,1000002,10
0,6,4,0,3,3,2,1,2,0,1,2,76.117944247,11,10,2500,1000002,10
1,6,4,0,3,3,2,1,2,0,1,2,67.778564376,11,10,2500,1000002,10
2,6,4,0,3,3,2,1,2,0,1,2,60.99591322,11,10,2500,1000002,10
3,6,4,0,3,3,2,1,2,0,1,2,66.628172566,11,10,2500,1000002,10
0,5,4,1,3,3,2,1,2,0,1,2,84.662924539,11,10,2500,1000002,10
1,5,4,1,3,3,2,1,2,0,1,2,54.239678276,11,10,2500,1000002,10
2,5,4,1,3,3,2,1,2,0,1,2,79.093563066,11,10,2500,1000002,10
3,5,4,1,3,3,2,1,2,0,1,2,74.53268676,11,10,2500,1000002,10
0,6,4,1,3,3,2,1,2,0,1,2,63.157218197,11,10,2500,1000002,10
1,6,4,1,3,3,2,1,2,0,1,2,66.521897112,11,10,2500,1000002,10
2,6,4,1,3,3,2,1,2,0,1,2,66.057062767,11,10,2500,1000002,10
3,6,4,1,3,3,2,1,2,0,1,2,52.031051855,11,10,2500,1000002,10
0,5,4,2,3,3,2,1,2,0,1,2,74.003057092,11,10,2500,1000002,10
1,5,4,2,3,3,2,1,2,0,1,2,67.193267719,11,10,2500,1000002,10
2,5,4,2,3,3,2,1,2,0,1,2,68.826844643,11,10,2500,1000002,10
3,5,4,2,3,3,2,1,2,0,1,2,58.564679714,11,10,2500,1000002,10
0,6,4,2,3,3,2,1,2,0,1,2,58.009372057,11,10,2500,1000002,10
1,6,4,2,3,3,2,1,2,0,1,2,58.347745731,11,10,2500,1000002,10
2,6,4,2,3,3,2,1,2,0,1,2,53.277378184,11,10,2500,1000002,10
3,6,4,2,3,3,2,1,2,0,1,2,55.127411501,11,10,2500,1000002,10
0,5,4,3,3,3,2,1,2,0,1,2,55.825319767,11,10,2500,1000002,10
1,5,4,3,3,3,2,1,2,0,1,2,67.582730079,11,10,2500,1000002,10
2,5,4,3,3,3,2,1,2,0,1,2,61.610902483,11,10,2500,1000002,10
3,5,4,3,3,3,2,1,2,0,1,2,60.85237677,11,10,2500,1000002,10
0,6,4,3,3,3,2,1,2,0,1,2,64.289214352,11,10,2500,1000002,10
1,6,4,3,3,3,2,1,2,0,1,2,62.778310187,11,10,2500,1000002,10
2,6,4,3,3,3,2,1,2,0,1,2,56.574533721,11,10,2500,1000002,10
3,6,4,3,3,3,2,1,2,0,1,2,57.192273959,11,10,2500,1000002,10
0,5,4,0,4,3,2,1,2,0,1,2,81.022750458,11,10,2500,1000002,10
1,5,4,0,4,3,2,1,2,0,1,2,65.880372345,11,10,2500,1000002,10
2,5,4,0,4,3,2,1,2,0,1,2,61.525065969,11,10,2500,1000002,10
3,5,4,0,4,3,2,1,2,0,1,2,62.206410584,11,10,2500,1000002,10
0,6,4,0,4,3,2,1,2,0,1,2,100.529641117,11,10,2500,1000002,10
1,6,4,0,4,3,2,1,2,0,1,2,75.40410563,11,10,2500,1000002,10
2,6,4,0,4,3,2,1,2,0,1,2,60.989886006,11,10,2500,1000002,10
3,6,4,0,4,3,2,1,2,0,1,2,65.368698904,11,10,2500,1000002,10
0,5,4,1,4,3,2,1,2,0,1,2,84.875577826,11,10,2500,1000002,10
1,5,4,1,4,3,2,1,2,0,1,2,61.891075399,11,10,2500,1000002,10
2,5,4,1,4,3,2,1,2,0,1,2,88.121718221,11,10,2500,1000002,10
3,5,4,1,4,3,2,1,2,0,1,2,68.947979536,11,10,2500,1000002,10
0,6,4,1,4,3,2,1,2,0,1,2,61.804851812,11,10,2500,1000002,10
1,6,4,1,4,3,2,1,2,0,1,2,52.234104757,11,10,2500,1000002,10
2,6,4,1,4,3,2,1,2,0,1,2,53.373779904,11,10,2500,1000002,10
3,6,4,1,4,3,2,1,2,0,1,2,78.773220193,11,10,2500,1000002,10
0,5,4,2,4,3,2,1,2,0,1,2,81.668023231,11,10,2500,1000002,10
1,5,4,2,4,3,2,1,2,0,1,2,98.514098166,11,10,2500,1000002,10
2,5,4,2,4,3,2,1,2,0,1,2,63.505384676,11,10,2500,1000002,10
3,5,4,2,4,3,2,1,2,0,1,2,55.820598157,11,10,2500,1000002,10
0,6,4,2,4,3,2,1,2,0,1,2,74.726651396,11,10,2500,1000002,10
1,6,4,2,4,3,2,1,2,0,1,2,59.563276372,11,10,2500,1000002,10
2,6,4,2,4,3,2,1,2,0,1,2,61.408125699,11,10,2500,1000002,10
3,6,4,2,4,3,2,1,2,0,1,2,51.546382737,11,10,2500,1000002,10
0,5,4,3,4,3,2,1,2,0,1,2,68.745634134,11,10,2500,1000002,10
1,5,4,3,4,3,2,1,2,0,1,2,80.033876437,11,10,2500,1000002,10
2,5,4,3,4,3,2,1,2,0,1,2,64.572991578,11,10,2500,1000002,10
3,5,4,3,4,3,2,1,2,0,1,2,55.465722552,11,10,2500,1000002,10
0,6,4,3,4,3,2,1,2,0,1,2,65.880784202,11,10,2500,1000002,10
1,6,4,3,4,3,2,1,2,0,1,2,57.544352016,11,10,2500,1000002,10
2,6,4,3,4,3,2,1,2,0,1,2,69.451836285,11,10,2500,1000002,10
3,6,4,3,4,3,2,1,2,0,1,2,58.59944142,11,10,2500,1000002,10
0,5,4,0,3,3,3,1,2,0,1,2,38.111285121,11,10,2500,1000002,10
1,5,4,0,3,3,3,1,2,0,1,2,61.661085939,11,10,2500,1000002,10
2,5,4,0,3,3,3,1,2,0,1,2,68.235246116,11,10,2500,1000002,10
3,5,4,0,3,3,3,1,2,0,1,2,57.703156458,11,10,2500,1000002,10
0,6,4,0,3,3,3,1,2,0,1,2,88.023806001,11,10,2500,1000002,10
1,6,4,0,3,3,3,1,2,0,1,2,68.515352984,11,10,2500,1000002,10
2,6,4,0,3,3,3,1,2,0,1,2,70.442074525,11,10,2500,1000002,10
3,6,4,0,3,3,3,1,2,0,1,2,61.378741593,11,10,2500,1000002,10
0,5,4,1,3,3,3,1,2,0,1,2,59.659724561,11,10,2500,1000002,10
1,5,4,1,3,3,3,1,2,0,1,2,85.590123693,11,10,2500,1000002,10
2,5,4,1,3,3,3,1,2,0,1,2,75.573924604,11,10,2500,1000002,10
3,5,4,1,3,3,3,1,2,0,1,2,63.791017609,11,10,2500,1000002,10
0,6,4,1,3,3,3,1,2,0,1,2,56.806778684,11,10,2500,1000002,10
1,6,4,1,3,3,3,1,2,0,1,2,64.277415474,11,10,2500,1000002,10
2,6,4,1,3,3,3,1,2,0,1,2,64.524404712,11,10,2500,1000002,10
3,6,4,1,3,3,3,1,2,0,1,2,53.632679299,11,10,2500,1000002,10
0,5,4,2,3,3,3,1,2,0,1,2,71.156551327,11,10,2500,1000002,10
1,5,4,2,3,3,3,1,2,0,1,2,71.586535364,11,10,2500,1000002,10
2,5,4,2,3,3,3,1,2,0,1,2,66.186185728,11,10,2500,1000002,10
3,5,4,2,3,3,3,1,2,0,1,2,65.369975908,11,10,2500,1000002,10
0,6,4,2,3,3,3,1,2,0,1,2,60.193672043,11,10,2500,1000002,10
1,6,4,2,3,3,3,1,2,0,1,2,49.997107819,11,10,2500,1000002,10
2,6,4,2,3,3,3,1,2,0,1,2,60.895776134,11,10,2500,1000002,10
3,6,4,2,3,3,3,1,2,0,1,2,61.531008209,11,10,2500,1000002,10
0,5,4,3,3,3,3,1,2,0,1,2,62.652573048,11,10,2500,1000002,10
1,5,4,3,3,3,3,1,2,0,1,2,64.073305232,11,10,2500,1000002,10
2,5,4,3,3,3,3,1,2,0,1,2,66.874113034,11,10,2500,1000002,10
3,5,4,3,3,3,3,1,2,0,1,2,55.153744124,11,10,2500,1000002,10
0,6,4,3,3,3,3,1,2,0,1,2,55.260092333,11,10,2500,1000002,10
1,6,4,3,3,3,3,1,2,0,1,2,60.597157305,11,10,2500,1000002,10
2,6,4,3,3,3,3,1,2,0,1,2,67.005191779,11,10,2500,1000002,10
3,6,4,3,3,3,3,1,2,0,1,2,49.277461753,11,10,2500,1000002,10
0,5,4,0,4,3,3,1,2,0,1,2,84.735672042,11,10,2500,1000002,10
1,5,4,0,4,3,3,1,2,0,1,2,65.391754015,11,10,2500,1000002,10
2,5,4,0,4,3,3,1,2,0,1,2,59.047133434,11,10,2500,1000002,10
3,5,4,0,4,3,3,1,2,0,1,2,59.59628334,11,10,2500,1000002,10
0,6,4,0,4,3,3,1,2,0,1,2,66.541145299,11,10,2500,1000002,10
1,6,4,0,4,3,3,1,2,0,1,2,57.81035074,11,10,2500,1000002,10
2,6,4,0,4,3,3,1,2,0,1,2,59.549706188,11,10,2500,1000002,10
3,6,4,0,4,3,3,1,2,0,1,2,48.935668721,11,10,2500,1000002,10
0,5,4,1,4,3,3,1,2,0,1,2,76.003891467,11,10,2500,1000002,10
1,5,4,1,4,3,3,1,2,0,1,2,69.975636573,11,10,2500,1000002,10
2,5,4,1,4,3,3,1,2,0,1,2,74.961090326,11,10,2500,1000002,10
3,5,4,1,4,3,3,1,2,0,1,2,53.435355309,11,10,2500,1000002,10
0,6,4,1,4,3,3,1,2,0,1,2,79.147774851,11,10,2500,1000002,10
1,6,4,1,4,3,3,1,2,0,1,2,73.604990987,11,10,2500,1000002,10
2,6,4,1,4,3,3,1,2,0,1,2,55.038629581,11,10,2500,1000002,10
3,6,4,1,4,3,3,1,2,0,1,2,57.984557371,11,10,2500,1000002,10
0,5,4,2,4,3,3,1,2,0,1,2,74.9154953,11,10,2500,1000002,10
1,5,4,2,4,3,3,1,2,0,1,2,73.009510328,11,10,2500,1000002,10
2,5,4,2,4,3,3,1,2,0,1,2,69.757030435,11,10,2500,1000002,10
3,5,4,2,4,3,3,1,2,0,1,2,66.815188144,11,10,2500,1000002,10
0,6,4,2,4,3,3,1,2,0,1,2,70.089641436,11,10,2500,1000002,10
1,6,4,2,4,3,3,1,2,0,1,2,68.720172094,11,10,2500,1000002,10
2,6,4,2,4,3,3,1,2,0,1,2,52.134105648,11,10,2500,1000002,10
3,6,4,2,4,3,3,1,2,0,1,2,53.8141144,11,10,2500,1000002,10
0,5,4,3,4,3,3,1,2,0,1,2,57.00504501,11,10,2500,1000002,10
1,5,4,3,4,3,3,1,2,0,1,2,62.774220184,11,10,2500,1000002,10
2,5,4,3,4,3,3,1,2,0,1,2,65.577675917,11,10,2500,1000002,10
3,5,4,3,4,3,3,1,2,0,1,2,64.436352615,11,10,2500,1000002,10
0,6,4,3,4,3,3,1,2,0,1,2,65.266677084,11,10,2500,1000002,10
1,6,4,3,4,3,3,1,2,0,1,2,62.233042742,11,10,2500,1000002,10
2,6,4,3,4,3,3,1,2,0,1,2,67.572626732,11,10,2500,1000002,10
3,6,4,3,4,3,3,1,2,0,1,2,63.319164689,11,10,2500,1000002,10
1,5,4,0,3,3,0,2,2,0,1,2,37.737770033,11,10,2500,1000002,10
2,5,4,0,3,3,0,2,2,0,1,2,40.747735271,11,10,2500,1000002,10
3,5,4,0,3,3,0,2,2,0,1,2,38.915918316,11,10,2500,1000002,10
1,6,4,0,3,3,0,2,2,0,1,2,41.299137855,11,10,2500,1000002,10
2,6,4,0,3,3,0,2,2,0,1,2,37.521853807,11,10,2500,1000002,10
3,6,4,0,3,3,0,2,2,0,1,2,37.958993929,11,10,2500,1000002,10
0,5,4,1,3,3,0,2,2,0,1,2,37.600006662,11,10,2500,1000002,10
1,5,4,1,3,3,0,2,2,0,1,2,41.041297891,11,10,2500,1000002,10
2,5,4,1,3,3,0,2,2,0,1,2,40.349751239,11,10,2500,1000002,10
3,5,4,1,3,3,0,2,2,0,1,2,38.247664655,11,10,2500,1000002,10
0,6,4,1,3,3,0,2,2,0,1,2,38.16148869,11,10,2500,1000002,10
1,6,4,1,3,3,0,2,2,0,1,2,38.140274682,11,10,2500,1000002,10
2,6,4,1,3,3,0,2,2,0,1,2,39.992087259,11,10,2500,1000002,10
3,6,4,1,3,3,0,2,2,0,1,2,38.904524168,11,10,2500,1000002,10
0,5,4,2,3,3,0,2,2,0,1,2,39.116602001,11,10,2500,1000002,10
1,5,4,2,3,3,0,2,2,0,1,2,39.282110716,11,10,2500,1000002,10
2,5,4,2,3,3,0,2,2,0,1,2,40.221640169,11,10,2500,1000002,10
3,5,4,2,3,3,0,2,2,0,1,2,37.817116125,11,10,2500,1000002,10
0,6,4,2,3,3,0,2,2,0,1,2,38.830349744,11,10,2500,1000002,10
1,6,4,2,3,3,0,2,2,0,1,2,37.630460525,11,10,2500,1000002,10
2,6,4,2,3,3,0,2,2,0,1,2,39.086166708,11,10,2500,1000002,10
3,6,4,2,3,3,0,2,2,0,1,2,38.526766333,11,10,2500,1000002,10
0,5,4,3,3,3,0,2,2,0,1,2,38.795897244,11,10,2500,1000002,10
1,5,4,3,3,3,0,2,2,0,1,2,38.980386637,11,10,2500,1000002,10
2,5,4,3,3,3,0,2,2,0,1,2,42.029197432,11,10,2500,1000002,10
3,5,4,3,3,3,0,2,2,0,1,2,39.741921608,11,10,2500,1000002,10
0,6,4,3,3,3,0,2,2,0,1,2,40.668585758,11,10,2500,1000002,10
1,6,4,3,3,3,0,2,2,0,1,2,38.086205263,11,10,2500,1000002,10
2,6,4,3,3,3,0,2,2,0,1,2,36.144243238,11,10,2500,1000002,10
3,6,4,3,3,3,0,2,2,0,1,2,38.659742389,11,10,2500,1000002,10
1,5,4,0,4,3,0,2,2,0,1,2,38.646783305,11,10,2500,1000002,10
2,5,4,0,4,3,0,2,2,0,1,2,39.324331296,11,10,2500,1000002,10
3,5,4,0,4,3,0,2,2,0,1,2,40.008401367,11,10,2500,1000002,10
1,6,4,0,4,3,0,2,2,0,1,2,39.05610722,11,10,2500,1000002,10
2,6,4,0,4,3,0,2,2,0,1,2,41.341426329,11,10,2500,1000002,10
3,6,4,0,4,3,0,2,2,0,1,2,44.12489107,11,10,2500,1000002,10
0,5,4,1,4,3,0,2,2,0,1,2,39.113644401,11,10,2500,1000002,10
1,5,4,1,4,3,0,2,2,0,1,2,38.453930233,11,10,2500,1000002,10
2,5,4,1,4,3,0,2,2,0,1,2,37.433598123,11,10,2500,1000002,10
3,5,4,1,4,3,0,2,2,0,1,2,37.970017817,11,10,2500,1000002,10
0,6,4,1,4,3,0,2,2,0,1,2,38.607169132,11,10,2500,1000002,10
1,6,4,1,4,3,0,2,2,0,1,2,41.070788701,11,10,2500,1000002,10
2,6,4,1,4,3,0,2,2,0,1,2,40.001410144,11,10,2500,1000002,10
3,6,4,1,4,3,0,2,2,0,1,2,38.219498508,11,10,2500,1000002,10
0,5,4,2,4,3,0,2,2,0,1,2,37.816992542,11,10,2500,1000002,10
1,5,4,2,4,3,0,2,2,0,1,2,40.39883661,11,10,2500,1000002,10
2,5,4,2,4,3,0,2,2,0,1,2,42.013870504,11,10,2500,1000002,10
3,5,4,2,4,3,0,2,2,0,1,2,41.116241517,11,10,2500,1000002,10
0,6,4,2,4,3,0,2,2,0,1,2,39.90566618,11,10,2500,1000002,10
1,6,4,2,4,3,0,2,2,0,1,2,40.027324879,11,10,2500,1000002,10
2,6,4,2,4,3,0,2,2,0,1,2,39.512655189,11,10,2500,1000002,10
3,6,4,2,4,3,0,2,2,0,1,2,37.250554941,11,10,2500,1000002,10
0,5,4,3,4,3,0,2,2,0,1,2,40.57563537,11,10,2500,1000002,10
1,5,4,3,4,3,0,2,2,0,1,2,39.189513196,11,10,2500,1000002,10
2,5,4,3,4,3,0,2,2,0,1,2,37.637449373,11,10,2500,1000002,10
3,5,4,3,4,3,0,2,2,0,1,2,42.22749505,11,10,2500,1000002,10
0,6,4,3,4,3,0,2,2,0,1,2,38.567293973,11,10,2500,1000002,10
1,6,4,3,4,3,0,2,2,0,1,2,38.551490163,11,10,2500,1000002,10
2,6,4,3,4,3,0,2,2,0,1,2,41.714062726,11,10,2500,1000002,10
3,6,4,3,4,3,0,2,2,0,1,2,40.267241483,11,10,2500,1000002,10
0,5,4,0,3,3,1,2,2,0,1,2,85.384810791,11,10,2500,1000002,10
1,5,4,0,3,3,1,2,2,0,1,2,60.637266176,11,10,2500,1000002,10
2,5,4,0,3,3,1,2,2,0,1,2,77.08443148,11,10,2500,1000002,10
3,5,4,0,3,3,1,2,2,0,1,2,82.04100756,11,10,2500,1000002,10
0,6,4,0,3,3,1,2,2,0,1,2,64.605030711,11,10,2500,1000002,10
1,6,4,0,3,3,1,2,2,0,1,2,65.226648091,11,10,2500,1000002,10
2,6,4,0,3,3,1,2,2,0,1,2,59.41590844,11,10,2500,1000002,10
3,6,4,0,3,3,1,2,2,0,1,2,76.16200541,11,10,2500,1000002,10
0,5,4,1,3,3,1,2,2,0,1,2,77.675346836,11,10,2500,1000002,10
1,5,4,1,3,3,1,2,2,0,1,2,54.096750001,11,10,2500,1000002,10
2,5,4,1,3,3,1,2,2,0,1,2,63.459912042,11,10,2500,1000002,10
3,5,4,1,3,3,1,2,2,0,1,2,54.607518366,11,10,2500,1000002,10
0,6,4,1,3,3,1,2,2,0,1,2,91.055496362,11,10,2500,1000002,10
1,6,4,1,3,3,1,2,2,0,1,2,55.192539019,11,10,2500,1000002,10
2,6,4,1,3,3,1,2,2,0,1,2,52.043945908,11,10,2500,1000002,10
3,6,4,1,3,3,1,2,2,0,1,2,58.449987957,11,10,2500,1000002,10
0,5,4,2,3,3,1,2,2,0,1,2,60.415309553,11,10,2500,1000002,10
1,5,4,2,3,3,1,2,2,0,1,2,62.089172126,11,10,2500,1000002,10
2,5,4,2,3,3,1,2,2,0,1,2,62.002922554,11,10,2500,1000002,10
3,5,4,2,3,3,1,2,2,0,1,2,66.618511995,11,10,2500,1000002,10
0,6,4,2,3,3,1,2,2,0,1,2,62.978185813,11,10,2500,1000002,10
1,6,4,2,3,3,1,2,2,0,1,2,76.830637164,11,10,2500,1000002,10
2,6,4,2,3,3,1,2,2,0,1,2,69.09165531,11,10,2500,1000002,10
3,6,4,2,3,3,1,2,2,0,1,2,63.669316399,11,10,2500,1000002,10
0,5,4,3,3,3,1,2,2,0,1,2,64.501652369,11,10,2500,1000002,10
1,5,4,3,3,3,1,2,2,0,1,2,42.834448359,11,10,2500,1000002,10
2,5,4,3,3,3,1,2,2,0,1,2,59.308154208,11,10,2500,1000002,10
3,5,4,3,3,3,1,2,2,0,1,2,55.025067692,11,10,2500,1000002,10
0,6,4,3,3,3,1,2,2,0,1,2,57.154649677,11,10,2500,1000002,10
1,6,4,3,3,3,1,2,2,0,1,2,69.029488543,11,10,2500,1000002,10
2,6,4,3,3,3,1,2,2,0,1,2,60.508618218,11,10,2500,1000002,10
3,6,4,3,3,3,1,2,2,0,1,2,57.717366592,11,10,2500,1000002,10
0,5,4,0,4,3,1,2,2,0,1,2,98.628081398,11,10,2500,1000002,10
1,5,4,0,4,3,1,2,2,0,1,2,83.941956114,11,10,2500,1000002,10
2,5,4,0,4,3,1,2,2,0,1,2,77.961791794,11,10,2500,1000002,10
3,5,4,0,4,3,1,2,2,0,1,2,64.960058312,11,10,2500,1000002,10
0,6,4,0,4,3,1,2,2,0,1,2,86.034441613,11,10,2500,1000002,10
